scanner	tf	symbol	trades	wins	net	pf	avgR	netStress	windowsUp	days	trades1	avgR1	trades2	avgR2
structure-anchored-vwap	4h	BTCUSD	19	13	137.21	1.685	0.249	34.35	5	666	9	0.469	10	0.051
structure-anchored-vwap	1h	BTCUSD	26	14	38.00	1.103	0.067	-31.93	5	250	16	0.123	10	-0.024
structure-anchored-vwap	4h	ETHUSD	21	15	298.69	2.298	0.439	223.63	6	666	9	0.872	12	0.114
structure-anchored-vwap	4h	SOLUSD	16	9	40.58	1.196	0.132	38.46	4	666	5	0.850	11	-0.194
structure-anchored-vwap	1h	ETHUSD	34	14	-109.50	0.807	-0.095	-171.20	3	250	20	0.123	14	-0.406
structure-anchored-vwap	4h	LINKUSD	21	12	153.86	1.500	0.249	116.77	4	666	10	0.438	11	0.077
structure-anchored-vwap	1h	SOLUSD	36	16	-193.55	0.652	-0.186	-300.09	3	250	13	0.055	23	-0.323
structure-anchored-vwap	4h	AVAXUSD	21	12	90.91	1.310	0.154	34.04	4	666	9	0.148	12	0.159
structure-anchored-vwap	15m	BTCUSD	13	6	-50.70	0.742	-0.119	-129.37	3	125	7	-0.333	6	0.131
structure-anchored-vwap	4h	XRPUSD	25	15	173.28	1.532	0.230	119.60	4	666	10	-0.024	15	0.400
structure-anchored-vwap	1h	LINKUSD	32	14	-94.40	0.808	-0.085	-156.22	3	250	17	-0.275	15	0.131
structure-anchored-vwap	4h	DOGEUSD	24	13	131.60	1.337	0.199	100.69	4	666	12	0.645	12	-0.247
structure-anchored-vwap	4h	SUIUSD	20	12	259.50	1.837	0.413	249.74	4	666	7	1.061	13	0.065
structure-anchored-vwap	1h	AVAXUSD	31	16	-8.85	0.979	0.006	-82.07	4	250	18	-0.116	13	0.176
structure-anchored-vwap	4h	NEARUSD	19	16	612.88	5.548	0.869	547.63	6	666	11	1.200	8	0.414
structure-anchored-vwap	1h	XRPUSD	32	20	140.46	1.336	0.156	-0.07	5	250	15	0.387	17	-0.047
structure-anchored-vwap	15m	ETHUSD	29	12	-182.67	0.626	-0.218	-278.10	3	125	17	-0.187	12	-0.262
structure-anchored-vwap	4h	AAVEUSD	19	10	135.40	1.514	0.272	132.99	4	666	7	0.980	12	-0.141
structure-anchored-vwap	4h	BNBUSD	20	12	146.78	1.553	0.247	116.50	6	666	10	0.340	10	0.155
structure-anchored-vwap	1h	DOGEUSD	31	15	-42.71	0.915	-0.029	-141.13	4	250	14	0.235	17	-0.247
structure-anchored-vwap	4h	ETCUSD	26	12	-65.53	0.842	-0.070	-99.19	3	666	12	-0.200	14	0.041
structure-anchored-vwap	1h	SUIUSD	31	13	-150.77	0.723	-0.159	-217.09	3	250	16	0.171	15	-0.510
structure-anchored-vwap	4h	WIFUSD	18	10	92.70	1.353	0.185	42.39	4	666	8	0.574	10	-0.126
structure-anchored-vwap	15m	SOLUSD	34	18	-155.82	0.634	-0.158	-162.38	2	125	18	-0.247	16	-0.059
structure-anchored-vwap	4h	TAOUSD	19	7	-120.81	0.649	-0.208	-134.51	3	666	9	-0.321	10	-0.107
structure-anchored-vwap	1h	NEARUSD	28	13	53.16	1.102	0.086	0.47	4	250	11	0.587	17	-0.239
structure-anchored-vwap	4h	HYPEUSD	13	5	-89.45	0.604	-0.225	-97.57	2	480	7	-0.484	6	0.078
structure-anchored-vwap	4h	UNIUSD	24	13	115.80	1.316	0.175	88.44	3	666	12	0.501	12	-0.150
structure-anchored-vwap	1h	AAVEUSD	33	15	-77.49	0.855	-0.073	-186.37	3	250	16	0.150	17	-0.283
structure-anchored-vwap	4h	ZECUSD	13	5	70.17	1.292	0.218	34.78	2	356	5	0.526	8	0.025
structure-anchored-vwap	4h	FILUSD	23	9	-77.60	0.808	-0.096	-100.44	2	666	11	0.006	12	-0.189
structure-anchored-vwap	4h	AKEUSD	0	0	0.00	0.000	0.000	0.00	0	67	0	0.000	0	0.000
structure-anchored-vwap	1h	BNBUSD	29	10	-275.51	0.430	-0.361	-328.66	1	250	12	-0.354	17	-0.365
structure-anchored-vwap	4h	PIEVERSEUSD	3	2	171.78	6.525	1.915	156.20	2	158	2	0.129	1	5.489
structure-anchored-vwap	15m	LINKUSD	23	13	-5.56	0.980	0.004	-45.23	4	125	9	-0.149	14	0.102
structure-anchored-vwap	4h	EVAAUSD	9	6	165.33	2.614	0.594	139.72	4	355	3	0.469	6	0.657
structure-anchored-vwap	1h	ETCUSD	29	16	110.63	1.270	0.141	-9.06	4	250	16	0.159	13	0.120
structure-anchored-vwap	4h	SAGAUSD	19	10	152.09	1.497	0.276	125.63	4	666	9	0.119	10	0.418
structure-anchored-vwap	4h	MUBARAKUSD	15	11	237.38	2.626	0.491	216.37	6	555	9	0.689	6	0.195
structure-anchored-vwap	4h	1000PEPEUSD	7	4	27.31	1.301	0.145	17.92	2	272	3	-0.432	4	0.578
structure-anchored-vwap	1h	WIFUSD	24	13	352.44	1.881	0.453	147.51	5	250	8	1.002	16	0.178
structure-anchored-vwap	4h	COOKIEUSD	15	6	-38.59	0.865	-0.066	-40.99	3	611	8	0.266	7	-0.445
structure-anchored-vwap	4h	AINUSD	16	8	0.14	1.001	0.015	-11.20	3	438	4	1.116	12	-0.352
structure-anchored-vwap	15m	AVAXUSD	28	17	275.84	1.838	0.313	125.36	5	125	15	0.171	13	0.477
structure-anchored-vwap	1h	TAOUSD	30	12	-234.03	0.522	-0.283	-300.42	1	250	15	-0.213	15	-0.354
structure-anchored-vwap	4h	BCHUSD	20	8	-106.14	0.699	-0.171	-123.64	3	666	8	0.123	12	-0.367
structure-anchored-vwap	4h	VVVUSD	17	8	-21.69	0.916	-0.027	-34.18	3	605	9	-0.318	8	0.300
structure-anchored-vwap	1h	HYPEUSD	28	16	123.22	1.328	0.159	-112.12	5	250	12	-0.001	16	0.279
structure-anchored-vwap	1h	UNIUSD	27	15	221.47	1.644	0.288	119.68	5	250	15	-0.251	12	0.962
structure-anchored-vwap	15m	XRPUSD	30	16	3.11	1.007	0.020	-164.12	4	125	13	-0.014	17	0.047
structure-anchored-vwap	1h	ZECUSD	32	19	350.22	1.712	0.353	244.09	5	250	13	0.719	19	0.103
structure-anchored-vwap	1h	FILUSD	26	13	-49.33	0.871	-0.050	-54.32	4	250	9	-0.361	17	0.115
structure-anchored-vwap	1h	AKEUSD	5	2	5.27	1.094	0.109	2.45	2	67	1	-1.000	4	0.386
structure-anchored-vwap	1h	PIEVERSEUSD	19	12	286.92	2.168	0.471	311.11	7	158	9	0.502	10	0.444
structure-anchored-vwap	15m	DOGEUSD	36	17	-168.15	0.650	-0.159	-242.73	2	125	17	-0.329	19	-0.006
structure-anchored-vwap	1h	EVAAUSD	28	14	189.51	1.382	0.245	127.87	4	250	14	0.358	14	0.132
structure-anchored-vwap	1h	SAGAUSD	28	15	192.01	1.481	0.236	123.67	6	250	13	0.305	15	0.177
structure-anchored-vwap	15m	SUIUSD	32	15	-3.27	0.993	0.022	-150.81	3	125	20	-0.082	12	0.196
structure-anchored-vwap	1h	MUBARAKUSD	26	16	200.62	1.679	0.261	101.36	4	250	10	-0.061	16	0.461
structure-anchored-vwap	1h	1000PEPEUSD	28	16	52.81	1.129	0.076	74.12	4	250	12	0.293	16	-0.086
structure-anchored-vwap	1h	COOKIEUSD	19	12	172.77	1.738	0.298	102.39	6	250	7	0.353	12	0.266
structure-anchored-vwap	15m	NEARUSD	33	20	237.19	1.650	0.235	41.81	4	125	18	-0.205	15	0.763
structure-anchored-vwap	1h	AINUSD	31	18	77.63	1.187	0.096	30.16	6	250	15	0.151	16	0.044
structure-anchored-vwap	1h	BCHUSD	20	10	-48.50	0.850	-0.069	-92.26	4	250	10	0.542	10	-0.680
structure-anchored-vwap	15m	AAVEUSD	37	24	313.36	1.710	0.267	134.82	7	125	20	0.265	17	0.269
structure-anchored-vwap	1h	VVVUSD	30	18	200.46	1.531	0.225	189.81	4	250	12	0.213	18	0.232
structure-anchored-vwap	15m	BNBUSD	7	3	-27.29	0.767	-0.116	-56.56	2	125	3	-0.413	4	0.106
structure-anchored-vwap	15m	ETCUSD	15	7	102.80	1.394	0.251	6.47	4	125	5	0.630	10	0.061
structure-anchored-vwap	15m	WIFUSD	14	4	-105.78	0.632	-0.233	-127.76	2	125	9	-0.231	5	-0.239
structure-anchored-vwap	15m	TAOUSD	32	18	-18.68	0.951	-0.008	-185.34	4	125	15	-0.432	17	0.367
structure-anchored-vwap	15m	HYPEUSD	35	16	-232.58	0.562	-0.241	-341.06	2	125	20	-0.038	15	-0.511
structure-anchored-vwap	15m	UNIUSD	59	32	-63.82	0.924	-0.020	-218.77	4	125	27	0.101	32	-0.121
structure-anchored-vwap	15m	ZECUSD	57	28	25.41	1.027	0.039	-218.34	4	125	27	0.200	30	-0.107
structure-anchored-vwap	15m	FILUSD	13	7	-23.23	0.862	-0.049	-102.87	4	125	5	-0.263	8	0.085
structure-anchored-vwap	15m	AKEUSD	34	18	4.70	1.010	0.014	-21.45	5	67	17	0.225	17	-0.197
structure-anchored-vwap	15m	PIEVERSEUSD	23	11	12.21	1.034	0.037	-76.84	4	125	7	-0.124	16	0.107
structure-anchored-vwap	15m	EVAAUSD	52	22	-206.53	0.759	-0.131	-349.85	4	125	33	0.005	19	-0.369
structure-anchored-vwap	15m	SAGAUSD	32	14	-20.10	0.965	0.005	-79.28	4	125	16	0.233	16	-0.223
structure-anchored-vwap	15m	MUBARAKUSD	29	13	-61.95	0.860	-0.056	-118.59	2	125	4	0.005	25	-0.066
structure-anchored-vwap	15m	1000PEPEUSD	20	9	-100.97	0.672	-0.164	-151.21	2	125	7	-0.459	13	-0.005
structure-anchored-vwap	15m	COOKIEUSD	17	10	44.86	1.206	0.103	0.94	3	125	5	0.385	12	-0.014
structure-anchored-vwap	15m	AINUSD	27	16	149.45	1.418	0.188	-3.42	3	125	16	0.242	11	0.109
structure-anchored-vwap	15m	BCHUSD	31	14	51.52	1.095	0.086	-202.84	3	125	14	0.102	17	0.073
structure-anchored-vwap	15m	VVVUSD	62	32	171.29	1.150	0.109	-75.05	4	125	34	0.332	28	-0.163
