tf	symbol	variant	scanners	trades	avgR	sumR	win	t1	r1	t2	r2	both	firstBarStops
1h	AINUSD	single	structure-anchored-vwap	15	0.479	7.2	0.80	8	0.393	7	0.578	1	0.20
1h	AINUSD	single	liquidity-trail-matrix	37	-0.257	-9.5	0.41	18	-0.010	19	-0.491	0	0.35
1h	AINUSD	single	pulse-trend-radar	47	-0.041	-1.9	0.47	16	-0.148	31	0.014	0	0.38
1h	AINUSD	single	kinetic-momentum-vectors	26	0.222	5.8	0.58	21	0.304	5	-0.120	0	0.42
1h	AINUSD	single	session-killzones-breakouts	30	0.540	16.2	0.47	15	0.928	15	0.152	1	0.53
1h	AINUSD	single	pivot-channel-breaks	28	0.512	14.3	0.64	10	0.786	18	0.360	1	0.29
1h	AINUSD	single	smart-money-breakout-signals	15	-0.175	-2.6	0.33	8	-0.020	7	-0.351	0	0.60
1h	AINUSD	single	smart-swing-vwap-zeiierman	34	-0.241	-8.2	0.35	14	-0.311	20	-0.192	0	0.59
1h	AINUSD	single	ai-predictive-flow-zeiierman	22	0.108	2.4	0.50	11	-0.074	11	0.290	0	0.45
1h	AINUSD	single	supertrend-cluster-zeiierman	42	-0.257	-10.8	0.43	23	-0.006	19	-0.561	0	0.43
1h	AINUSD	any1	10 scanners	185	0.004	0.8	0.45	88	0.047	97	-0.035	0	0.36
1h	AINUSD	agree2	10 scanners, window 2	86	-0.070	-6.0	0.41	39	0.143	47	-0.247	0	0.51
1h	AINUSD	agree3	10 scanners, window 2	48	-0.010	-0.5	0.44	22	0.345	26	-0.311	0	0.54
15m	AINUSD	single	structure-anchored-vwap	23	0.158	3.6	0.61	9	0.726	14	-0.208	0	0.22
15m	AINUSD	single	liquidity-trail-matrix	76	-0.142	-10.8	0.39	39	0.050	37	-0.344	0	0.21
15m	AINUSD	single	pulse-trend-radar	48	-0.088	-4.2	0.46	18	0.039	30	-0.165	0	0.13
15m	AINUSD	single	kinetic-momentum-vectors	18	-0.157	-2.8	0.22	4	1.641	14	-0.671	0	0.78
15m	AINUSD	single	session-killzones-breakouts	9	-0.620	-5.6	0.11	3	-0.934	6	-0.464	0	0.78
15m	AINUSD	single	pivot-channel-breaks	30	0.023	0.7	0.40	10	-0.100	20	0.084	0	0.53
15m	AINUSD	single	smart-money-breakout-signals	18	0.361	6.5	0.44	4	0.882	14	0.212	0	0.50
15m	AINUSD	single	smart-swing-vwap-zeiierman	20	0.088	1.8	0.45	7	-0.299	13	0.297	0	0.50
15m	AINUSD	single	ai-predictive-flow-zeiierman	19	-0.147	-2.8	0.42	6	-0.041	13	-0.197	0	0.42
15m	AINUSD	single	supertrend-cluster-zeiierman	42	-0.037	-1.6	0.43	13	-0.435	29	0.141	0	0.40
15m	AINUSD	any1	10 scanners	211	-0.057	-12.0	0.43	86	-0.020	125	-0.082	0	0.25
15m	AINUSD	agree2	10 scanners, window 2	87	0.072	6.3	0.38	28	0.195	59	0.014	1	0.52
15m	AINUSD	agree3	10 scanners, window 2	42	0.198	8.3	0.33	12	0.196	30	0.199	1	0.55
1h	AKEUSD	single	structure-anchored-vwap	3	-0.028	-0.1	0.67	1	-1.000	2	0.458	0	0.00
1h	AKEUSD	single	liquidity-trail-matrix	4	0.053	0.2	0.75	2	-0.218	2	0.324	0	0.25
1h	AKEUSD	single	pulse-trend-radar	7	0.218	1.5	0.71	6	0.207	1	0.288	0	0.14
1h	AKEUSD	single	kinetic-momentum-vectors	8	-0.113	-0.9	0.38	6	0.179	2	-0.989	0	0.63
1h	AKEUSD	single	session-killzones-breakouts	10	0.572	5.7	0.70	5	0.523	5	0.621	1	0.30
1h	AKEUSD	single	pivot-channel-breaks	12	-0.201	-2.4	0.42	8	-0.145	4	-0.311	0	0.58
1h	AKEUSD	single	smart-money-breakout-signals	7	0.781	5.5	0.43	4	2.110	3	-0.990	0	0.43
1h	AKEUSD	single	smart-swing-vwap-zeiierman	5	1.190	6.0	0.80	3	0.817	2	1.751	0	0.20
1h	AKEUSD	single	ai-predictive-flow-zeiierman	6	-0.035	-0.2	0.50	5	-0.135	1	0.464	0	0.50
1h	AKEUSD	single	supertrend-cluster-zeiierman	11	0.255	2.8	0.82	5	0.006	6	0.463	1	0.18
1h	AKEUSD	any1	10 scanners	49	0.228	11.2	0.59	29	0.213	20	0.251	1	0.31
1h	AKEUSD	agree2	10 scanners, window 2	30	0.163	4.9	0.53	17	0.414	13	-0.166	0	0.47
1h	AKEUSD	agree3	10 scanners, window 2	15	0.352	5.3	0.53	8	1.011	7	-0.401	0	0.47
15m	AKEUSD	single	structure-anchored-vwap	30	-0.014	-0.4	0.57	18	0.091	12	-0.172	0	0.33
15m	AKEUSD	single	liquidity-trail-matrix	43	-0.021	-0.9	0.63	27	-0.016	16	-0.029	0	0.28
15m	AKEUSD	single	pulse-trend-radar	53	-0.127	-6.7	0.47	35	-0.197	18	0.009	0	0.26
15m	AKEUSD	single	kinetic-momentum-vectors	27	0.340	9.2	0.44	13	0.607	14	0.092	1	0.56
15m	AKEUSD	single	session-killzones-breakouts	24	0.202	4.8	0.54	13	0.279	11	0.111	1	0.42
15m	AKEUSD	single	pivot-channel-breaks	43	0.146	6.3	0.56	21	-0.156	22	0.435	0	0.44
15m	AKEUSD	single	smart-money-breakout-signals	28	0.570	16.0	0.68	15	0.741	13	0.373	1	0.29
15m	AKEUSD	single	smart-swing-vwap-zeiierman	28	0.623	17.4	0.71	16	0.629	12	0.614	1	0.21
15m	AKEUSD	single	ai-predictive-flow-zeiierman	39	0.597	23.3	0.74	23	0.324	16	0.989	1	0.21
15m	AKEUSD	single	supertrend-cluster-zeiierman	86	0.076	6.6	0.57	42	0.083	44	0.070	1	0.35
15m	AKEUSD	any1	10 scanners	267	0.102	27.1	0.55	149	0.108	118	0.094	1	0.30
15m	AKEUSD	agree2	10 scanners, window 2	137	0.152	20.8	0.55	69	0.155	68	0.150	1	0.41
15m	AKEUSD	agree3	10 scanners, window 2	66	0.340	22.5	0.55	28	0.372	38	0.317	1	0.42
1h	API3USD	single	structure-anchored-vwap	21	0.345	7.2	0.62	11	0.606	10	0.057	1	0.29
1h	API3USD	single	liquidity-trail-matrix	34	0.262	8.9	0.62	20	0.438	14	0.010	1	0.12
1h	API3USD	single	pulse-trend-radar	46	-0.085	-3.9	0.50	29	0.144	17	-0.475	0	0.20
1h	API3USD	single	kinetic-momentum-vectors	15	0.398	6.0	0.53	4	0.697	11	0.289	0	0.47
1h	API3USD	single	session-killzones-breakouts	22	0.161	3.5	0.50	6	0.454	16	0.051	1	0.45
1h	API3USD	single	pivot-channel-breaks	17	0.310	5.3	0.41	5	-0.075	12	0.470	0	0.41
1h	API3USD	single	smart-money-breakout-signals	13	-0.089	-1.2	0.38	4	0.740	9	-0.458	0	0.54
1h	API3USD	single	smart-swing-vwap-zeiierman	18	0.485	8.7	0.50	5	1.718	13	0.011	1	0.44
1h	API3USD	single	ai-predictive-flow-zeiierman	24	0.173	4.2	0.71	12	0.131	12	0.215	1	0.25
1h	API3USD	single	supertrend-cluster-zeiierman	39	0.049	1.9	0.46	20	-0.082	19	0.186	0	0.33
1h	API3USD	any1	10 scanners	173	0.114	19.8	0.48	83	0.239	90	0.000	1	0.26
1h	API3USD	agree2	10 scanners, window 2	73	0.220	16.1	0.51	32	0.342	41	0.125	1	0.37
1h	API3USD	agree3	10 scanners, window 2	31	0.115	3.6	0.52	14	-0.322	17	0.475	0	0.42
15m	API3USD	single	structure-anchored-vwap	10	-0.101	-1.0	0.40	2	1.586	8	-0.523	0	0.50
15m	API3USD	single	liquidity-trail-matrix	35	-0.084	-2.9	0.51	11	0.120	24	-0.178	0	0.14
15m	API3USD	single	pulse-trend-radar	26	-0.103	-2.7	0.27	14	0.279	12	-0.550	0	0.42
15m	API3USD	single	kinetic-momentum-vectors	16	-0.147	-2.3	0.38	3	0.983	13	-0.408	0	0.63
15m	API3USD	single	session-killzones-breakouts	1	-0.925	-0.9	0.00	0	0.000	1	-0.925	0	1.00
15m	API3USD	single	pivot-channel-breaks	7	0.687	4.8	0.71	2	1.834	5	0.228	0	0.29
15m	API3USD	single	smart-money-breakout-signals	1	0.658	0.7	1.00	0	0.000	1	0.658	0	0.00
15m	API3USD	single	smart-swing-vwap-zeiierman	10	0.076	0.8	0.50	1	-0.965	9	0.192	0	0.40
15m	API3USD	single	ai-predictive-flow-zeiierman	4	0.134	0.5	0.75	0	0.000	4	0.134	0	0.00
15m	API3USD	single	supertrend-cluster-zeiierman	11	0.848	9.3	0.82	4	2.070	7	0.150	0	0.09
15m	API3USD	any1	10 scanners	93	-0.028	-2.6	0.42	32	0.325	61	-0.214	0	0.28
15m	API3USD	agree2	10 scanners, window 2	27	0.009	0.3	0.44	7	0.515	20	-0.168	0	0.52
15m	API3USD	agree3	10 scanners, window 2	13	-0.097	-1.3	0.38	3	0.897	10	-0.395	0	0.62
1h	BCHUSD	single	structure-anchored-vwap	10	-0.340	-3.4	0.50	4	-1.000	6	0.100	0	0.30
1h	BCHUSD	single	liquidity-trail-matrix	32	0.032	1.0	0.59	12	-0.162	20	0.148	0	0.13
1h	BCHUSD	single	pulse-trend-radar	30	0.155	4.6	0.63	14	-0.245	16	0.505	0	0.07
1h	BCHUSD	single	kinetic-momentum-vectors	17	0.499	8.5	0.59	7	0.028	10	0.828	1	0.35
1h	BCHUSD	single	session-killzones-breakouts	25	0.037	0.9	0.68	12	0.260	13	-0.169	0	0.16
1h	BCHUSD	single	pivot-channel-breaks	14	-0.428	-6.0	0.43	8	-0.544	6	-0.273	0	0.43
1h	BCHUSD	single	smart-money-breakout-signals	10	-0.406	-4.1	0.40	3	-0.159	7	-0.512	0	0.60
1h	BCHUSD	single	smart-swing-vwap-zeiierman	22	-0.321	-7.1	0.36	7	-0.276	15	-0.342	0	0.59
1h	BCHUSD	single	ai-predictive-flow-zeiierman	21	0.080	1.7	0.67	8	-0.160	13	0.228	0	0.19
1h	BCHUSD	single	supertrend-cluster-zeiierman	43	0.011	0.5	0.65	20	-0.290	23	0.272	0	0.16
1h	BCHUSD	any1	10 scanners	117	0.077	9.0	0.58	51	-0.110	66	0.222	0	0.16
1h	BCHUSD	agree2	10 scanners, window 2	74	0.085	6.3	0.64	33	-0.185	41	0.303	0	0.27
1h	BCHUSD	agree3	10 scanners, window 2	37	-0.144	-5.3	0.57	14	-0.449	23	0.042	0	0.32
15m	BCHUSD	single	structure-anchored-vwap	14	0.396	5.5	0.86	4	0.474	10	0.365	0	0.00
15m	BCHUSD	single	liquidity-trail-matrix	42	-0.087	-3.7	0.60	16	-0.265	26	0.022	0	0.12
15m	BCHUSD	single	pulse-trend-radar	65	-0.257	-16.7	0.54	24	-0.120	41	-0.337	0	0.08
15m	BCHUSD	single	kinetic-momentum-vectors	13	0.571	7.4	0.62	6	0.775	7	0.396	1	0.38
15m	BCHUSD	single	session-killzones-breakouts	3	-0.470	-1.4	0.33	1	0.478	2	-0.944	0	0.67
15m	BCHUSD	single	pivot-channel-breaks	20	0.154	3.1	0.55	4	-0.622	16	0.348	0	0.40
15m	BCHUSD	single	smart-money-breakout-signals	12	-0.101	-1.2	0.33	4	0.012	8	-0.158	0	0.58
15m	BCHUSD	single	smart-swing-vwap-zeiierman	14	-0.029	-0.4	0.43	2	0.427	12	-0.104	0	0.43
15m	BCHUSD	single	ai-predictive-flow-zeiierman	14	0.045	0.6	0.71	3	0.836	11	-0.170	0	0.21
15m	BCHUSD	single	supertrend-cluster-zeiierman	26	-0.043	-1.1	0.58	5	0.409	21	-0.151	0	0.31
15m	BCHUSD	any1	10 scanners	161	-0.102	-16.5	0.52	53	-0.008	108	-0.149	0	0.19
15m	BCHUSD	agree2	10 scanners, window 2	48	-0.061	-2.9	0.46	12	-0.264	36	0.006	0	0.42
15m	BCHUSD	agree3	10 scanners, window 2	20	-0.250	-5.0	0.30	5	-0.399	15	-0.201	0	0.50
1h	BTCUSD	single	structure-anchored-vwap	19	0.164	3.1	0.84	13	0.059	6	0.389	1	0.11
1h	BTCUSD	single	liquidity-trail-matrix	29	-0.058	-1.7	0.69	13	-0.198	16	0.055	0	0.07
1h	BTCUSD	single	pulse-trend-radar	35	-0.232	-8.1	0.51	21	-0.215	14	-0.258	0	0.09
1h	BTCUSD	single	kinetic-momentum-vectors	5	0.135	0.7	0.80	1	0.130	4	0.136	0	0.20
1h	BTCUSD	single	session-killzones-breakouts	25	0.054	1.3	0.80	15	0.102	10	-0.018	0	0.12
1h	BTCUSD	single	pivot-channel-breaks	24	-0.141	-3.4	0.67	13	-0.123	11	-0.162	0	0.29
1h	BTCUSD	single	smart-money-breakout-signals	12	-0.021	-0.3	0.58	5	-0.461	7	0.292	0	0.42
1h	BTCUSD	single	smart-swing-vwap-zeiierman	18	0.059	1.1	0.78	12	-0.168	6	0.511	0	0.22
1h	BTCUSD	single	ai-predictive-flow-zeiierman	12	0.042	0.5	0.67	8	0.267	4	-0.408	0	0.00
1h	BTCUSD	single	supertrend-cluster-zeiierman	33	0.137	4.5	0.82	22	0.096	11	0.221	1	0.09
1h	BTCUSD	any1	10 scanners	131	0.026	3.4	0.67	72	-0.018	59	0.079	0	0.11
1h	BTCUSD	agree2	10 scanners, window 2	53	-0.008	-0.4	0.70	32	-0.078	21	0.099	0	0.21
1h	BTCUSD	agree3	10 scanners, window 2	28	-0.020	-0.6	0.64	18	0.002	10	-0.060	0	0.25
15m	BTCUSD	single	structure-anchored-vwap	6	0.296	1.8	1.00	4	0.256	2	0.378	0	0.00
15m	BTCUSD	single	liquidity-trail-matrix	28	-0.336	-9.4	0.50	11	-0.407	17	-0.291	0	0.11
15m	BTCUSD	single	pulse-trend-radar	32	-0.323	-10.3	0.50	10	-0.520	22	-0.233	0	0.03
15m	BTCUSD	single	kinetic-momentum-vectors	3	-0.928	-2.8	0.00	2	-0.934	1	-0.916	0	1.00
15m	BTCUSD	single	session-killzones-breakouts	1	0.477	0.5	1.00	1	0.477	0	0.000	0	0.00
15m	BTCUSD	single	pivot-channel-breaks	3	-0.098	-0.3	0.67	3	-0.098	0	0.000	0	0.33
15m	BTCUSD	single	smart-money-breakout-signals	1	-0.916	-0.9	0.00	0	0.000	1	-0.916	0	1.00
15m	BTCUSD	single	smart-swing-vwap-zeiierman	2	1.012	2.0	1.00	2	1.012	0	0.000	0	0.00
15m	BTCUSD	single	ai-predictive-flow-zeiierman	3	-0.208	-0.6	0.67	3	-0.208	0	0.000	0	0.00
15m	BTCUSD	single	supertrend-cluster-zeiierman	0	0.000	0.0	0.00	0	0.000	0	0.000	0	0.00
15m	BTCUSD	any1	10 scanners	68	-0.243	-16.5	0.50	31	-0.278	37	-0.214	0	0.10
15m	BTCUSD	agree2	10 scanners, window 2	5	-0.452	-2.3	0.40	4	-0.336	1	-0.916	0	0.60
15m	BTCUSD	agree3	10 scanners, window 2	4	-0.331	-1.3	0.50	3	-0.137	1	-0.916	0	0.50
1h	ETHUSD	single	structure-anchored-vwap	19	-0.197	-3.8	0.58	10	-0.230	9	-0.161	0	0.11
1h	ETHUSD	single	liquidity-trail-matrix	29	-0.021	-0.6	0.62	12	-0.159	17	0.076	0	0.17
1h	ETHUSD	single	pulse-trend-radar	43	-0.158	-6.8	0.53	21	-0.317	22	-0.006	0	0.05
1h	ETHUSD	single	kinetic-momentum-vectors	8	0.637	5.1	0.75	2	0.402	6	0.715	0	0.25
1h	ETHUSD	single	session-killzones-breakouts	35	0.100	3.5	0.71	17	0.419	18	-0.201	0	0.20
1h	ETHUSD	single	pivot-channel-breaks	24	0.089	2.1	0.71	14	0.262	10	-0.155	0	0.13
1h	ETHUSD	single	smart-money-breakout-signals	14	-0.325	-4.6	0.50	5	-0.182	9	-0.405	0	0.29
1h	ETHUSD	single	smart-swing-vwap-zeiierman	17	-0.012	-0.2	0.71	10	0.012	7	-0.046	0	0.24
1h	ETHUSD	single	ai-predictive-flow-zeiierman	17	0.253	4.3	0.76	9	-0.148	8	0.704	0	0.06
1h	ETHUSD	single	supertrend-cluster-zeiierman	38	-0.057	-2.2	0.63	19	-0.100	19	-0.014	0	0.21
1h	ETHUSD	any1	10 scanners	157	0.009	1.4	0.58	76	-0.071	81	0.083	0	0.12
1h	ETHUSD	agree2	10 scanners, window 2	61	0.077	4.7	0.69	31	0.093	30	0.060	1	0.25
1h	ETHUSD	agree3	10 scanners, window 2	30	0.156	4.7	0.67	10	-0.016	20	0.242	0	0.30
15m	ETHUSD	single	structure-anchored-vwap	18	0.287	5.2	0.83	6	0.229	12	0.317	1	0.00
15m	ETHUSD	single	liquidity-trail-matrix	35	0.078	2.7	0.74	19	-0.006	16	0.177	0	0.03
15m	ETHUSD	single	pulse-trend-radar	54	-0.129	-7.0	0.65	25	-0.171	29	-0.093	0	0.04
15m	ETHUSD	single	kinetic-momentum-vectors	13	-0.013	-0.2	0.46	7	0.196	6	-0.257	0	0.54
15m	ETHUSD	single	session-killzones-breakouts	5	0.377	1.9	0.80	4	0.209	1	1.051	0	0.20
15m	ETHUSD	single	pivot-channel-breaks	13	0.176	2.3	0.54	4	1.792	9	-0.542	0	0.38
15m	ETHUSD	single	smart-money-breakout-signals	7	0.116	0.8	0.71	4	0.022	3	0.241	0	0.14
15m	ETHUSD	single	smart-swing-vwap-zeiierman	3	-0.506	-1.5	0.33	1	0.413	2	-0.966	0	0.33
15m	ETHUSD	single	ai-predictive-flow-zeiierman	4	-0.532	-2.1	0.25	4	-0.532	0	0.000	0	0.75
15m	ETHUSD	single	supertrend-cluster-zeiierman	8	-0.074	-0.6	0.75	2	0.194	6	-0.164	0	0.13
15m	ETHUSD	any1	10 scanners	119	0.027	3.2	0.58	56	0.054	63	0.004	1	0.11
15m	ETHUSD	agree2	10 scanners, window 2	22	0.227	5.0	0.73	13	0.315	9	0.099	1	0.18
15m	ETHUSD	agree3	10 scanners, window 2	11	0.034	0.4	0.73	6	0.142	5	-0.095	0	0.18
1h	FILUSD	single	structure-anchored-vwap	25	-0.112	-2.8	0.56	10	-0.174	15	-0.070	0	0.32
1h	FILUSD	single	liquidity-trail-matrix	37	-0.145	-5.4	0.51	18	0.035	19	-0.316	0	0.11
1h	FILUSD	single	pulse-trend-radar	37	0.130	4.8	0.62	17	-0.073	20	0.302	0	0.16
1h	FILUSD	single	kinetic-momentum-vectors	18	0.463	8.3	0.44	8	0.244	10	0.639	1	0.56
1h	FILUSD	single	session-killzones-breakouts	33	0.074	2.5	0.52	14	0.073	19	0.076	1	0.45
1h	FILUSD	single	pivot-channel-breaks	23	0.028	0.6	0.61	14	-0.049	9	0.146	0	0.30
1h	FILUSD	single	smart-money-breakout-signals	18	0.416	7.5	0.56	9	0.086	9	0.747	1	0.39
1h	FILUSD	single	smart-swing-vwap-zeiierman	43	0.056	2.4	0.42	15	-0.535	28	0.372	0	0.47
1h	FILUSD	single	ai-predictive-flow-zeiierman	17	0.100	1.7	0.76	7	-0.154	10	0.277	0	0.18
1h	FILUSD	single	supertrend-cluster-zeiierman	40	-0.099	-4.0	0.50	20	-0.142	20	-0.056	0	0.35
1h	FILUSD	any1	10 scanners	186	-0.012	-2.2	0.50	81	-0.044	105	0.013	0	0.27
1h	FILUSD	agree2	10 scanners, window 2	98	0.178	17.5	0.53	43	0.105	55	0.236	1	0.38
1h	FILUSD	agree3	10 scanners, window 2	49	0.132	6.5	0.47	25	-0.098	24	0.372	0	0.45
15m	FILUSD	single	structure-anchored-vwap	25	0.282	7.1	0.76	7	-0.400	18	0.548	0	0.16
15m	FILUSD	single	liquidity-trail-matrix	64	-0.318	-20.4	0.39	34	-0.540	30	-0.067	0	0.17
15m	FILUSD	single	pulse-trend-radar	52	-0.129	-6.7	0.56	18	-0.011	34	-0.192	0	0.19
15m	FILUSD	single	kinetic-momentum-vectors	29	0.353	10.2	0.66	2	0.830	27	0.318	0	0.24
15m	FILUSD	single	session-killzones-breakouts	9	0.259	2.3	0.67	0	0.000	9	0.259	0	0.22
15m	FILUSD	single	pivot-channel-breaks	26	0.336	8.7	0.58	5	0.679	21	0.255	1	0.35
15m	FILUSD	single	smart-money-breakout-signals	15	-0.226	-3.4	0.47	1	-0.910	14	-0.177	0	0.47
15m	FILUSD	single	smart-swing-vwap-zeiierman	25	-0.008	-0.2	0.52	6	-0.036	19	0.001	0	0.40
15m	FILUSD	single	ai-predictive-flow-zeiierman	16	-0.399	-6.4	0.44	1	-0.910	15	-0.365	0	0.25
15m	FILUSD	single	supertrend-cluster-zeiierman	24	-0.359	-8.6	0.38	3	-0.607	21	-0.323	0	0.42
15m	FILUSD	any1	10 scanners	214	-0.074	-15.7	0.47	68	-0.216	146	-0.007	0	0.21
15m	FILUSD	agree2	10 scanners, window 2	80	-0.029	-2.3	0.50	22	-0.123	58	0.006	0	0.41
15m	FILUSD	agree3	10 scanners, window 2	32	-0.229	-7.3	0.34	7	0.272	25	-0.369	0	0.56
1h	GRIFFAINUSD	single	structure-anchored-vwap	20	0.168	3.4	0.65	9	0.267	11	0.087	1	0.25
1h	GRIFFAINUSD	single	liquidity-trail-matrix	39	-0.260	-10.2	0.44	22	-0.544	17	0.106	0	0.23
1h	GRIFFAINUSD	single	pulse-trend-radar	33	0.120	4.0	0.61	12	-0.165	21	0.282	0	0.24
1h	GRIFFAINUSD	single	kinetic-momentum-vectors	24	-0.424	-10.2	0.38	6	-0.423	18	-0.425	0	0.58
1h	GRIFFAINUSD	single	session-killzones-breakouts	34	0.224	7.6	0.50	12	0.094	22	0.296	1	0.44
1h	GRIFFAINUSD	single	pivot-channel-breaks	30	0.191	5.7	0.47	10	-0.470	20	0.522	0	0.37
1h	GRIFFAINUSD	single	smart-money-breakout-signals	16	0.621	9.9	0.50	4	-0.970	12	1.151	0	0.50
1h	GRIFFAINUSD	single	smart-swing-vwap-zeiierman	29	0.294	8.5	0.55	10	0.372	19	0.253	1	0.38
1h	GRIFFAINUSD	single	ai-predictive-flow-zeiierman	21	-0.035	-0.7	0.48	10	0.384	11	-0.416	0	0.43
1h	GRIFFAINUSD	single	supertrend-cluster-zeiierman	44	-0.304	-13.4	0.45	21	-0.343	23	-0.267	0	0.39
1h	GRIFFAINUSD	any1	10 scanners	189	-0.100	-18.8	0.46	78	-0.199	111	-0.030	0	0.32
1h	GRIFFAINUSD	agree2	10 scanners, window 2	88	-0.093	-8.2	0.39	34	-0.308	54	0.043	0	0.53
1h	GRIFFAINUSD	agree3	10 scanners, window 2	42	-0.144	-6.0	0.36	14	-0.532	28	0.050	0	0.55
15m	GRIFFAINUSD	single	structure-anchored-vwap	21	-0.085	-1.8	0.43	9	0.596	12	-0.596	0	0.33
15m	GRIFFAINUSD	single	liquidity-trail-matrix	80	0.028	2.2	0.54	34	-0.090	46	0.114	0	0.15
15m	GRIFFAINUSD	single	pulse-trend-radar	54	0.087	4.7	0.65	22	0.074	32	0.095	1	0.13
15m	GRIFFAINUSD	single	kinetic-momentum-vectors	31	-0.226	-7.0	0.35	13	-0.590	18	0.036	0	0.55
15m	GRIFFAINUSD	single	session-killzones-breakouts	16	0.308	4.9	0.56	5	-0.461	11	0.658	0	0.44
15m	GRIFFAINUSD	single	pivot-channel-breaks	24	-0.132	-3.2	0.42	8	0.041	16	-0.218	0	0.46
15m	GRIFFAINUSD	single	smart-money-breakout-signals	16	0.087	1.4	0.50	4	-0.096	12	0.148	0	0.50
15m	GRIFFAINUSD	single	smart-swing-vwap-zeiierman	29	0.106	3.1	0.52	11	0.021	18	0.159	1	0.41
15m	GRIFFAINUSD	single	ai-predictive-flow-zeiierman	19	0.758	14.4	0.68	5	0.524	14	0.841	1	0.16
15m	GRIFFAINUSD	single	supertrend-cluster-zeiierman	34	0.446	15.2	0.71	8	0.552	26	0.413	1	0.24
15m	GRIFFAINUSD	any1	10 scanners	220	0.108	23.7	0.52	86	-0.115	134	0.251	0	0.23
15m	GRIFFAINUSD	agree2	10 scanners, window 2	79	0.077	6.1	0.46	27	-0.373	52	0.311	0	0.52
15m	GRIFFAINUSD	agree3	10 scanners, window 2	34	0.123	4.2	0.50	8	0.063	26	0.141	1	0.47
1h	LINKUSD	single	structure-anchored-vwap	14	-0.081	-1.1	0.64	6	0.223	8	-0.309	0	0.14
1h	LINKUSD	single	liquidity-trail-matrix	43	-0.115	-5.0	0.58	19	-0.049	24	-0.167	0	0.21
1h	LINKUSD	single	pulse-trend-radar	36	-0.143	-5.1	0.56	17	-0.195	19	-0.097	0	0.08
1h	LINKUSD	single	kinetic-momentum-vectors	12	-0.282	-3.4	0.42	2	0.863	10	-0.511	0	0.50
1h	LINKUSD	single	session-killzones-breakouts	29	0.011	0.3	0.62	14	-0.090	15	0.104	0	0.28
1h	LINKUSD	single	pivot-channel-breaks	33	0.069	2.3	0.58	18	-0.023	15	0.180	0	0.27
1h	LINKUSD	single	smart-money-breakout-signals	20	-0.090	-1.8	0.50	8	0.445	12	-0.446	0	0.35
1h	LINKUSD	single	smart-swing-vwap-zeiierman	23	0.196	4.5	0.61	11	0.428	12	-0.016	0	0.30
1h	LINKUSD	single	ai-predictive-flow-zeiierman	24	0.029	0.7	0.54	12	-0.321	12	0.379	0	0.21
1h	LINKUSD	single	supertrend-cluster-zeiierman	51	-0.024	-1.2	0.73	23	0.001	28	-0.043	0	0.18
1h	LINKUSD	any1	10 scanners	168	-0.009	-1.5	0.63	79	0.022	89	-0.036	0	0.17
1h	LINKUSD	agree2	10 scanners, window 2	94	-0.100	-9.4	0.53	43	-0.039	51	-0.151	0	0.32
1h	LINKUSD	agree3	10 scanners, window 2	41	-0.106	-4.3	0.56	21	-0.094	20	-0.118	0	0.32
15m	LINKUSD	single	structure-anchored-vwap	13	-0.374	-4.9	0.46	5	-0.229	8	-0.464	0	0.38
15m	LINKUSD	single	liquidity-trail-matrix	41	0.068	2.8	0.68	17	-0.253	24	0.295	0	0.05
15m	LINKUSD	single	pulse-trend-radar	58	0.032	1.9	0.71	30	-0.009	28	0.076	0	0.03
15m	LINKUSD	single	kinetic-momentum-vectors	14	0.179	2.5	0.43	4	-0.161	10	0.316	0	0.57
15m	LINKUSD	single	session-killzones-breakouts	7	1.265	8.9	0.86	2	0.668	5	1.504	0	0.14
15m	LINKUSD	single	pivot-channel-breaks	23	0.172	3.9	0.52	7	0.395	16	0.074	1	0.43
15m	LINKUSD	single	smart-money-breakout-signals	17	0.069	1.2	0.41	6	-0.391	11	0.321	0	0.59
15m	LINKUSD	single	smart-swing-vwap-zeiierman	26	-0.309	-8.0	0.46	11	-0.061	15	-0.491	0	0.38
15m	LINKUSD	single	ai-predictive-flow-zeiierman	15	0.144	2.2	0.73	3	1.078	12	-0.090	0	0.20
15m	LINKUSD	single	supertrend-cluster-zeiierman	26	-0.182	-4.7	0.54	5	-0.502	21	-0.106	0	0.35
15m	LINKUSD	any1	10 scanners	165	-0.041	-6.8	0.62	68	-0.145	97	0.032	0	0.17
15m	LINKUSD	agree2	10 scanners, window 2	50	-0.197	-9.8	0.42	12	0.040	38	-0.271	0	0.48
15m	LINKUSD	agree3	10 scanners, window 2	23	0.046	1.1	0.48	6	0.128	17	0.017	1	0.48
1h	MUBARAKUSD	single	structure-anchored-vwap	17	0.227	3.9	0.65	9	0.221	8	0.233	1	0.12
1h	MUBARAKUSD	single	liquidity-trail-matrix	34	0.341	11.6	0.79	16	0.084	18	0.569	1	0.03
1h	MUBARAKUSD	single	pulse-trend-radar	32	-0.222	-7.1	0.47	17	-0.520	15	0.117	0	0.22
1h	MUBARAKUSD	single	kinetic-momentum-vectors	30	0.710	21.3	0.60	3	-0.428	27	0.836	0	0.40
1h	MUBARAKUSD	single	session-killzones-breakouts	23	0.503	11.6	0.57	12	0.309	11	0.715	1	0.39
1h	MUBARAKUSD	single	pivot-channel-breaks	21	-0.272	-5.7	0.33	12	-0.116	9	-0.480	0	0.57
1h	MUBARAKUSD	single	smart-money-breakout-signals	23	0.389	8.9	0.48	11	0.122	12	0.633	1	0.52
1h	MUBARAKUSD	single	smart-swing-vwap-zeiierman	30	0.136	4.1	0.60	12	-0.174	18	0.343	0	0.30
1h	MUBARAKUSD	single	ai-predictive-flow-zeiierman	29	0.353	10.2	0.66	12	-0.228	17	0.762	0	0.24
1h	MUBARAKUSD	single	supertrend-cluster-zeiierman	36	-0.324	-11.7	0.39	24	-0.538	12	0.104	0	0.50
1h	MUBARAKUSD	any1	10 scanners	181	0.056	10.1	0.50	86	-0.192	95	0.280	0	0.31
1h	MUBARAKUSD	agree2	10 scanners, window 2	89	0.171	15.2	0.49	39	-0.037	50	0.333	0	0.46
1h	MUBARAKUSD	agree3	10 scanners, window 2	36	0.512	18.4	0.56	16	0.092	20	0.847	1	0.39
15m	MUBARAKUSD	single	structure-anchored-vwap	30	-0.128	-3.8	0.50	20	0.167	10	-0.719	0	0.20
15m	MUBARAKUSD	single	liquidity-trail-matrix	71	0.069	4.9	0.63	41	0.035	30	0.115	1	0.13
15m	MUBARAKUSD	single	pulse-trend-radar	71	-0.157	-11.1	0.52	29	-0.025	42	-0.248	0	0.11
15m	MUBARAKUSD	single	kinetic-momentum-vectors	57	0.632	36.0	0.67	24	0.559	33	0.685	1	0.30
15m	MUBARAKUSD	single	session-killzones-breakouts	20	0.411	8.2	0.65	11	0.131	9	0.752	1	0.30
15m	MUBARAKUSD	single	pivot-channel-breaks	36	0.371	13.4	0.61	13	0.003	23	0.580	1	0.33
15m	MUBARAKUSD	single	smart-money-breakout-signals	28	0.325	9.1	0.46	11	0.724	17	0.067	1	0.50
15m	MUBARAKUSD	single	smart-swing-vwap-zeiierman	52	0.153	8.0	0.60	20	0.315	32	0.052	1	0.31
15m	MUBARAKUSD	single	ai-predictive-flow-zeiierman	37	-0.047	-1.8	0.51	11	0.039	26	-0.084	0	0.35
15m	MUBARAKUSD	single	supertrend-cluster-zeiierman	73	0.141	10.3	0.52	28	0.413	45	-0.028	0	0.34
15m	MUBARAKUSD	any1	10 scanners	318	0.109	34.6	0.54	148	0.114	170	0.105	1	0.22
15m	MUBARAKUSD	agree2	10 scanners, window 2	129	0.288	37.2	0.57	48	0.541	81	0.138	1	0.36
15m	MUBARAKUSD	agree3	10 scanners, window 2	56	0.379	21.2	0.59	21	0.613	35	0.239	1	0.32
1h	NEARUSD	single	structure-anchored-vwap	19	0.154	2.9	0.79	10	0.095	9	0.220	1	0.16
1h	NEARUSD	single	liquidity-trail-matrix	39	-0.078	-3.0	0.62	19	0.131	20	-0.277	0	0.28
1h	NEARUSD	single	pulse-trend-radar	34	0.062	2.1	0.68	16	-0.011	18	0.126	0	0.00
1h	NEARUSD	single	kinetic-momentum-vectors	27	0.051	1.4	0.67	16	0.082	11	0.005	1	0.33
1h	NEARUSD	single	session-killzones-breakouts	36	0.008	0.3	0.56	18	-0.004	18	0.021	0	0.39
1h	NEARUSD	single	pivot-channel-breaks	27	-0.025	-0.7	0.67	12	-0.185	15	0.104	0	0.26
1h	NEARUSD	single	smart-money-breakout-signals	18	-0.205	-3.7	0.50	8	-0.571	10	0.087	0	0.50
1h	NEARUSD	single	smart-swing-vwap-zeiierman	19	-0.011	-0.2	0.68	7	-0.130	12	0.058	0	0.32
1h	NEARUSD	single	ai-predictive-flow-zeiierman	23	0.365	8.4	0.70	8	0.032	15	0.543	1	0.26
1h	NEARUSD	single	supertrend-cluster-zeiierman	47	-0.087	-4.1	0.57	18	0.181	29	-0.254	0	0.30
1h	NEARUSD	any1	10 scanners	183	0.023	4.2	0.61	89	-0.027	94	0.070	0	0.22
1h	NEARUSD	agree2	10 scanners, window 2	92	0.061	5.6	0.64	41	0.072	51	0.052	1	0.32
1h	NEARUSD	agree3	10 scanners, window 2	38	-0.122	-4.6	0.55	20	-0.090	18	-0.158	0	0.39
15m	NEARUSD	single	structure-anchored-vwap	23	0.073	1.7	0.70	8	-0.097	15	0.163	0	0.17
15m	NEARUSD	single	liquidity-trail-matrix	58	-0.293	-17.0	0.47	27	-0.386	31	-0.211	0	0.26
15m	NEARUSD	single	pulse-trend-radar	60	-0.343	-20.6	0.45	32	-0.400	28	-0.278	0	0.10
15m	NEARUSD	single	kinetic-momentum-vectors	31	0.023	0.7	0.61	5	0.183	26	-0.008	0	0.29
15m	NEARUSD	single	session-killzones-breakouts	17	-0.105	-1.8	0.59	3	-0.549	14	-0.009	0	0.29
15m	NEARUSD	single	pivot-channel-breaks	29	0.069	2.0	0.59	5	-0.465	24	0.181	0	0.34
15m	NEARUSD	single	smart-money-breakout-signals	25	0.084	2.1	0.60	5	-0.938	20	0.340	0	0.36
15m	NEARUSD	single	smart-swing-vwap-zeiierman	20	0.078	1.6	0.70	4	0.301	16	0.022	0	0.25
15m	NEARUSD	single	ai-predictive-flow-zeiierman	29	-0.123	-3.6	0.52	5	-0.566	24	-0.030	0	0.41
15m	NEARUSD	single	supertrend-cluster-zeiierman	46	0.087	4.0	0.63	10	0.123	36	0.077	1	0.22
15m	NEARUSD	any1	10 scanners	234	-0.041	-9.5	0.55	81	-0.226	153	0.058	0	0.19
15m	NEARUSD	agree2	10 scanners, window 2	88	-0.134	-11.8	0.53	20	-0.462	68	-0.037	0	0.36
15m	NEARUSD	agree3	10 scanners, window 2	43	-0.191	-8.2	0.49	8	-0.748	35	-0.064	0	0.42
1h	SAGAUSD	single	structure-anchored-vwap	14	0.247	3.5	0.50	9	0.583	5	-0.357	0	0.36
1h	SAGAUSD	single	liquidity-trail-matrix	25	-0.074	-1.8	0.56	11	-0.308	14	0.111	0	0.12
1h	SAGAUSD	single	pulse-trend-radar	27	-0.169	-4.6	0.52	13	0.018	14	-0.343	0	0.11
1h	SAGAUSD	single	kinetic-momentum-vectors	32	0.167	5.3	0.50	18	0.021	14	0.355	1	0.50
1h	SAGAUSD	single	session-killzones-breakouts	32	-0.076	-2.4	0.44	15	-0.289	17	0.112	0	0.47
1h	SAGAUSD	single	pivot-channel-breaks	23	0.468	10.8	0.57	9	0.542	14	0.420	1	0.39
1h	SAGAUSD	single	smart-money-breakout-signals	23	-0.004	-0.1	0.43	9	-0.001	14	-0.006	0	0.52
1h	SAGAUSD	single	smart-swing-vwap-zeiierman	24	0.052	1.3	0.50	10	0.254	14	-0.092	0	0.42
1h	SAGAUSD	single	ai-predictive-flow-zeiierman	26	0.136	3.5	0.62	12	0.363	14	-0.059	0	0.31
1h	SAGAUSD	single	supertrend-cluster-zeiierman	28	0.347	9.7	0.75	15	0.435	13	0.246	1	0.11
1h	SAGAUSD	any1	10 scanners	161	0.001	0.2	0.50	77	0.099	84	-0.088	0	0.32
1h	SAGAUSD	agree2	10 scanners, window 2	77	0.134	10.3	0.49	35	0.175	42	0.099	1	0.44
1h	SAGAUSD	agree3	10 scanners, window 2	41	-0.023	-0.9	0.49	20	0.240	21	-0.272	0	0.49
15m	SAGAUSD	single	structure-anchored-vwap	27	0.060	1.6	0.56	10	0.459	17	-0.174	0	0.30
15m	SAGAUSD	single	liquidity-trail-matrix	66	-0.125	-8.3	0.50	31	-0.181	35	-0.077	0	0.18
15m	SAGAUSD	single	pulse-trend-radar	66	0.081	5.4	0.56	27	0.225	39	-0.018	0	0.20
15m	SAGAUSD	single	kinetic-momentum-vectors	28	0.310	8.7	0.64	14	0.186	14	0.434	1	0.36
15m	SAGAUSD	single	session-killzones-breakouts	8	0.049	0.4	0.63	7	-0.111	1	1.170	0	0.25
15m	SAGAUSD	single	pivot-channel-breaks	34	0.040	1.4	0.62	16	0.106	18	-0.019	0	0.26
15m	SAGAUSD	single	smart-money-breakout-signals	22	-0.408	-9.0	0.36	10	-0.404	12	-0.411	0	0.59
15m	SAGAUSD	single	smart-swing-vwap-zeiierman	29	-0.386	-11.2	0.38	14	-0.556	15	-0.227	0	0.52
15m	SAGAUSD	single	ai-predictive-flow-zeiierman	20	0.277	5.5	0.50	6	0.826	14	0.041	1	0.50
15m	SAGAUSD	single	supertrend-cluster-zeiierman	51	-0.064	-3.3	0.57	18	-0.521	33	0.185	0	0.35
15m	SAGAUSD	any1	10 scanners	234	0.045	10.6	0.53	101	0.067	133	0.029	1	0.24
15m	SAGAUSD	agree2	10 scanners, window 2	94	-0.053	-5.0	0.52	43	-0.279	51	0.137	0	0.40
15m	SAGAUSD	agree3	10 scanners, window 2	48	-0.135	-6.5	0.48	25	-0.244	23	-0.017	0	0.48
1h	STRKUSD	single	structure-anchored-vwap	15	0.880	13.2	0.67	8	1.524	7	0.145	1	0.27
1h	STRKUSD	single	liquidity-trail-matrix	40	0.108	4.3	0.60	19	-0.143	21	0.335	0	0.17
1h	STRKUSD	single	pulse-trend-radar	52	0.181	9.4	0.50	23	0.572	29	-0.129	0	0.25
1h	STRKUSD	single	kinetic-momentum-vectors	29	-0.165	-4.8	0.45	5	0.449	24	-0.293	0	0.55
1h	STRKUSD	single	session-killzones-breakouts	27	0.002	0.1	0.33	10	-0.517	17	0.307	0	0.67
1h	STRKUSD	single	pivot-channel-breaks	19	-0.183	-3.5	0.32	8	-0.569	11	0.097	0	0.37
1h	STRKUSD	single	smart-money-breakout-signals	11	-0.214	-2.3	0.36	4	0.803	7	-0.795	0	0.55
1h	STRKUSD	single	smart-swing-vwap-zeiierman	23	-0.216	-5.0	0.48	9	0.008	14	-0.359	0	0.39
1h	STRKUSD	single	ai-predictive-flow-zeiierman	15	-0.283	-4.2	0.33	4	-0.987	11	-0.026	0	0.33
1h	STRKUSD	single	supertrend-cluster-zeiierman	31	0.490	15.2	0.45	17	0.247	14	0.784	1	0.48
1h	STRKUSD	any1	10 scanners	184	0.131	24.1	0.46	85	0.133	99	0.129	1	0.30
1h	STRKUSD	agree2	10 scanners, window 2	84	0.245	20.6	0.46	34	0.393	50	0.145	1	0.39
1h	STRKUSD	agree3	10 scanners, window 2	32	0.094	3.0	0.41	13	-0.099	19	0.227	0	0.50
15m	STRKUSD	single	structure-anchored-vwap	18	0.628	11.3	0.72	5	0.605	13	0.637	1	0.06
15m	STRKUSD	single	liquidity-trail-matrix	36	0.159	5.7	0.58	9	0.208	27	0.143	1	0.08
15m	STRKUSD	single	pulse-trend-radar	44	0.600	26.4	0.57	6	3.040	38	0.215	1	0.11
15m	STRKUSD	single	kinetic-momentum-vectors	24	0.605	14.5	0.58	1	4.304	23	0.444	0	0.38
15m	STRKUSD	single	session-killzones-breakouts	9	0.120	1.1	0.56	0	0.000	9	0.120	0	0.44
15m	STRKUSD	single	pivot-channel-breaks	17	0.545	9.3	0.59	1	4.304	16	0.310	0	0.41
15m	STRKUSD	single	smart-money-breakout-signals	13	0.068	0.9	0.38	1	4.304	12	-0.285	0	0.54
15m	STRKUSD	single	smart-swing-vwap-zeiierman	16	0.660	10.6	0.63	0	0.000	16	0.660	0	0.31
15m	STRKUSD	single	ai-predictive-flow-zeiierman	11	0.426	4.7	0.82	0	0.000	11	0.426	0	0.18
15m	STRKUSD	single	supertrend-cluster-zeiierman	26	0.502	13.1	0.58	3	0.768	23	0.467	0	0.23
15m	STRKUSD	any1	10 scanners	153	0.246	37.6	0.54	22	0.689	131	0.172	1	0.18
15m	STRKUSD	agree2	10 scanners, window 2	62	0.510	31.6	0.58	4	1.333	58	0.453	0	0.35
15m	STRKUSD	agree3	10 scanners, window 2	28	0.926	25.9	0.64	2	3.666	26	0.715	0	0.36
1h	UNIUSD	single	structure-anchored-vwap	13	0.339	4.4	0.69	5	0.349	8	0.333	1	0.15
1h	UNIUSD	single	liquidity-trail-matrix	25	0.108	2.7	0.64	12	0.070	13	0.142	1	0.24
1h	UNIUSD	single	pulse-trend-radar	25	-0.039	-1.0	0.68	11	-0.105	14	0.012	0	0.04
1h	UNIUSD	single	kinetic-momentum-vectors	27	0.451	12.2	0.74	14	0.492	13	0.407	1	0.19
1h	UNIUSD	single	session-killzones-breakouts	30	0.023	0.7	0.53	16	0.089	14	-0.052	0	0.40
1h	UNIUSD	single	pivot-channel-breaks	26	0.458	11.9	0.69	14	0.531	12	0.373	1	0.23
1h	UNIUSD	single	smart-money-breakout-signals	18	0.620	11.2	0.72	6	1.663	12	0.098	1	0.28
1h	UNIUSD	single	smart-swing-vwap-zeiierman	22	0.574	12.6	0.77	9	0.650	13	0.521	1	0.09
1h	UNIUSD	single	ai-predictive-flow-zeiierman	21	0.097	2.0	0.71	10	-0.159	11	0.330	0	0.19
1h	UNIUSD	single	supertrend-cluster-zeiierman	38	-0.030	-1.1	0.61	17	-0.215	21	0.120	0	0.26
1h	UNIUSD	any1	10 scanners	154	0.117	18.0	0.61	72	0.054	82	0.172	1	0.21
1h	UNIUSD	agree2	10 scanners, window 2	73	0.263	19.2	0.68	37	0.301	36	0.224	1	0.22
1h	UNIUSD	agree3	10 scanners, window 2	35	0.287	10.0	0.66	16	0.493	19	0.113	1	0.31
15m	UNIUSD	single	structure-anchored-vwap	36	-0.036	-1.3	0.64	14	0.115	22	-0.132	0	0.31
15m	UNIUSD	single	liquidity-trail-matrix	49	-0.237	-11.6	0.49	26	-0.259	23	-0.212	0	0.20
15m	UNIUSD	single	pulse-trend-radar	64	-0.191	-12.2	0.55	34	-0.118	30	-0.274	0	0.06
15m	UNIUSD	single	kinetic-momentum-vectors	32	0.168	5.4	0.59	13	0.691	19	-0.190	0	0.38
15m	UNIUSD	single	session-killzones-breakouts	15	0.323	4.8	0.60	7	0.994	8	-0.265	0	0.40
15m	UNIUSD	single	pivot-channel-breaks	33	-0.025	-0.8	0.58	10	-0.575	23	0.213	0	0.39
15m	UNIUSD	single	smart-money-breakout-signals	28	-0.294	-8.2	0.36	13	-0.047	15	-0.509	0	0.54
15m	UNIUSD	single	smart-swing-vwap-zeiierman	18	-0.066	-1.2	0.61	6	-0.128	12	-0.034	0	0.33
15m	UNIUSD	single	ai-predictive-flow-zeiierman	34	0.022	0.7	0.71	13	-0.077	21	0.083	0	0.21
15m	UNIUSD	single	supertrend-cluster-zeiierman	72	-0.089	-6.4	0.56	31	0.130	41	-0.254	0	0.38
15m	UNIUSD	any1	10 scanners	253	-0.061	-15.4	0.54	104	0.080	149	-0.159	0	0.24
15m	UNIUSD	agree2	10 scanners, window 2	115	-0.083	-9.5	0.52	44	0.057	71	-0.169	0	0.41
15m	UNIUSD	agree3	10 scanners, window 2	45	-0.173	-7.8	0.51	23	0.099	22	-0.458	0	0.47
1h	VVVUSD	single	structure-anchored-vwap	22	0.064	1.4	0.64	13	-0.091	9	0.287	0	0.09
1h	VVVUSD	single	liquidity-trail-matrix	33	-0.082	-2.7	0.58	15	-0.315	18	0.112	0	0.21
1h	VVVUSD	single	pulse-trend-radar	33	0.065	2.1	0.73	18	0.160	15	-0.049	0	0.06
1h	VVVUSD	single	kinetic-momentum-vectors	24	0.282	6.8	0.67	9	0.451	15	0.181	1	0.33
1h	VVVUSD	single	session-killzones-breakouts	31	-0.319	-9.9	0.42	14	-0.229	17	-0.393	0	0.55
1h	VVVUSD	single	pivot-channel-breaks	27	0.131	3.5	0.67	16	0.032	11	0.276	1	0.33
1h	VVVUSD	single	smart-money-breakout-signals	16	0.162	2.6	0.69	7	0.315	9	0.044	1	0.25
1h	VVVUSD	single	smart-swing-vwap-zeiierman	17	-0.007	-0.1	0.59	8	-0.085	9	0.061	0	0.35
1h	VVVUSD	single	ai-predictive-flow-zeiierman	24	0.222	5.3	0.75	15	0.321	9	0.057	1	0.17
1h	VVVUSD	single	supertrend-cluster-zeiierman	43	0.140	6.0	0.65	24	0.208	19	0.055	1	0.26
1h	VVVUSD	any1	10 scanners	170	0.076	12.9	0.62	86	0.086	84	0.066	1	0.22
1h	VVVUSD	agree2	10 scanners, window 2	83	0.121	10.1	0.63	41	0.115	42	0.128	1	0.34
1h	VVVUSD	agree3	10 scanners, window 2	34	-0.061	-2.1	0.56	13	-0.100	21	-0.037	0	0.32
15m	VVVUSD	single	structure-anchored-vwap	46	0.043	2.0	0.63	17	0.315	29	-0.116	0	0.22
15m	VVVUSD	single	liquidity-trail-matrix	77	-0.113	-8.7	0.60	39	-0.231	38	0.009	0	0.14
15m	VVVUSD	single	pulse-trend-radar	80	0.033	2.7	0.66	35	0.139	45	-0.049	0	0.10
15m	VVVUSD	single	kinetic-momentum-vectors	36	0.187	6.7	0.61	20	0.169	16	0.210	1	0.36
15m	VVVUSD	single	session-killzones-breakouts	26	-0.045	-1.2	0.58	12	-0.177	14	0.069	0	0.35
15m	VVVUSD	single	pivot-channel-breaks	42	0.068	2.9	0.57	17	0.261	25	-0.063	0	0.40
15m	VVVUSD	single	smart-money-breakout-signals	26	0.137	3.6	0.62	10	0.468	16	-0.070	0	0.38
15m	VVVUSD	single	smart-swing-vwap-zeiierman	33	0.096	3.2	0.61	10	0.410	23	-0.040	0	0.30
15m	VVVUSD	single	ai-predictive-flow-zeiierman	38	0.033	1.3	0.53	14	0.216	24	-0.073	0	0.37
15m	VVVUSD	single	supertrend-cluster-zeiierman	72	-0.141	-10.1	0.57	28	-0.070	44	-0.186	0	0.29
15m	VVVUSD	any1	10 scanners	300	-0.011	-3.3	0.56	122	0.023	178	-0.035	0	0.20
15m	VVVUSD	agree2	10 scanners, window 2	125	-0.177	-22.2	0.49	57	-0.134	68	-0.214	0	0.43
15m	VVVUSD	agree3	10 scanners, window 2	57	0.060	3.4	0.61	25	0.269	32	-0.103	0	0.33
1h	ZECUSD	single	structure-anchored-vwap	27	0.258	7.0	0.81	15	0.366	12	0.122	1	0.11
1h	ZECUSD	single	liquidity-trail-matrix	38	0.051	1.9	0.66	24	-0.120	14	0.344	0	0.08
1h	ZECUSD	single	pulse-trend-radar	34	0.179	6.1	0.74	19	0.274	15	0.059	1	0.00
1h	ZECUSD	single	kinetic-momentum-vectors	18	0.440	7.9	0.50	8	1.409	10	-0.335	0	0.39
1h	ZECUSD	single	session-killzones-breakouts	39	0.192	7.5	0.64	16	0.500	23	-0.022	0	0.26
1h	ZECUSD	single	pivot-channel-breaks	34	0.085	2.9	0.68	14	0.271	20	-0.045	0	0.29
1h	ZECUSD	single	smart-money-breakout-signals	23	0.056	1.3	0.57	9	0.283	14	-0.090	0	0.35
1h	ZECUSD	single	smart-swing-vwap-zeiierman	26	0.170	4.4	0.73	13	0.393	13	-0.053	0	0.19
1h	ZECUSD	single	ai-predictive-flow-zeiierman	28	0.561	15.7	0.75	15	0.549	13	0.576	1	0.18
1h	ZECUSD	single	supertrend-cluster-zeiierman	55	0.293	16.1	0.78	29	0.343	26	0.237	1	0.16
1h	ZECUSD	any1	10 scanners	199	0.146	29.1	0.66	111	0.250	88	0.015	1	0.14
1h	ZECUSD	agree2	10 scanners, window 2	87	0.171	14.9	0.63	44	0.389	43	-0.052	0	0.31
1h	ZECUSD	agree3	10 scanners, window 2	42	0.308	13.0	0.62	20	0.636	22	0.011	1	0.29
15m	ZECUSD	single	structure-anchored-vwap	28	0.161	4.5	0.82	9	0.179	19	0.153	1	0.00
15m	ZECUSD	single	liquidity-trail-matrix	53	-0.046	-2.4	0.62	24	-0.169	29	0.056	0	0.09
15m	ZECUSD	single	pulse-trend-radar	54	0.085	4.6	0.70	27	0.019	27	0.150	1	0.00
15m	ZECUSD	single	kinetic-momentum-vectors	25	-0.338	-8.4	0.36	9	-0.275	16	-0.373	0	0.60
15m	ZECUSD	single	session-killzones-breakouts	21	-0.195	-4.1	0.48	5	-0.126	16	-0.216	0	0.43
15m	ZECUSD	single	pivot-channel-breaks	33	-0.120	-4.0	0.58	11	-0.591	22	0.115	0	0.39
15m	ZECUSD	single	smart-money-breakout-signals	28	-0.048	-1.3	0.50	8	-0.157	20	-0.004	0	0.46
15m	ZECUSD	single	smart-swing-vwap-zeiierman	30	-0.011	-0.3	0.63	7	0.401	23	-0.137	0	0.30
15m	ZECUSD	single	ai-predictive-flow-zeiierman	40	0.146	5.8	0.72	11	0.178	29	0.134	1	0.15
15m	ZECUSD	single	supertrend-cluster-zeiierman	63	0.021	1.3	0.59	21	-0.098	42	0.080	0	0.27
15m	ZECUSD	any1	10 scanners	236	-0.012	-2.8	0.59	92	-0.033	144	0.002	0	0.17
15m	ZECUSD	agree2	10 scanners, window 2	102	0.003	0.3	0.57	29	-0.132	73	0.057	0	0.33
15m	ZECUSD	agree3	10 scanners, window 2	45	-0.217	-9.8	0.49	10	-0.584	35	-0.112	0	0.38
