scanner	tf	symbol	variant	trades	avgR	sumR	win	t1	r1	t2	r2	both	mfe05	mfe1	mfe2	firstBarStops	note
ai-predictive-flow-zeiierman	15m	UNIUSD	base	72	-0.040	-2.9	0.71	28	-0.090	44	-0.008	0	0.71	0.15	0.03	0.11	
ai-predictive-flow-zeiierman	15m	UNIUSD	gross	96	0.135	13.0	0.68	47	0.194	49	0.079	1	0.67	0.21	0.05	0.13	
ai-predictive-flow-zeiierman	15m	UNIUSD	stop1.5	91	-0.018	-1.7	0.71	42	-0.105	49	0.056	0	0.71	0.19	0.04	0.03	
ai-predictive-flow-zeiierman	15m	UNIUSD	stop2	94	-0.026	-2.5	0.70	45	-0.026	49	-0.027	0	0.70	0.18	0.03	0.02	
ai-predictive-flow-zeiierman	15m	UNIUSD	tp1	72	-0.201	-14.4	0.46	28	-0.316	44	-0.127	0	0.60	0.00	0.00	0.11	
ai-predictive-flow-zeiierman	15m	UNIUSD	levels	72	-0.040	-2.9	0.71	28	-0.090	44	-0.008	0	0.71	0.15	0.03	0.11	
ai-predictive-flow-zeiierman	15m	UNIUSD	er0.25	34	-0.008	-0.3	0.71	13	-0.079	21	0.035	0	0.71	0.15	0.03	0.18	
ai-predictive-flow-zeiierman	15m	UNIUSD	confirm1	36	0.022	0.8	0.69	14	-0.019	22	0.047	0	0.69	0.17	0.08	0.14	
ai-predictive-flow-zeiierman	15m	UNIUSD	er+stop1.5	41	0.055	2.3	0.78	17	0.066	24	0.047	1	0.78	0.17	0.02	0.05	
ai-predictive-flow-zeiierman	15m	UNIUSD	er+stop2	43	-0.002	-0.1	0.72	19	0.037	24	-0.033	0	0.72	0.12	0.05	0.05	
ai-predictive-flow-zeiierman	15m	UNIUSD	confirm1+er	21	0.007	0.1	0.67	9	0.098	12	-0.062	0	0.67	0.14	0.10	0.19	
ai-predictive-flow-zeiierman	15m	UNIUSD	inverted	72	-0.061	-4.4	0.71	28	0.013	44	-0.109	0	0.71	0.13	0.04	0.14	
ai-predictive-flow-zeiierman	15m	UNIUSD	long	72	-0.040	-2.9	0.71	28	-0.090	44	-0.008	0	0.71	0.15	0.03	0.11	
ai-predictive-flow-zeiierman	15m	UNIUSD	short	0	0.000	0.0	0.00	0	0.000	0	0.000	0	0.00	0.00	0.00	0.00	
ai-predictive-flow-zeiierman	15m	UNIUSD	label:alertcondition:Background Turned Bullish	72	-0.040	-2.9	0.71	28	-0.090	44	-0.008	0	0.71	0.15	0.03	0.11	
ai-predictive-flow-zeiierman	15m	UNIUSD	verdict	72	-0.040	-2.9	0.71	28	-0.090	44	-0.008	0	0.71	0.15	0.03	0.11	COSTS: positive before fees, negative after → a slower timeframe or a wider stop/target so each trade pays the round trip several times over
ai-predictive-flow-zeiierman	15m	PIEVERSEUSD	base	42	0.246	10.3	0.55	22	0.259	20	0.230	1	0.55	0.36	0.24	0.29	
ai-predictive-flow-zeiierman	15m	PIEVERSEUSD	gross	102	0.478	48.7	0.51	48	0.731	54	0.252	1	0.43	0.29	0.19	0.26	
ai-predictive-flow-zeiierman	15m	PIEVERSEUSD	stop1.5	63	0.017	1.1	0.46	31	-0.058	32	0.089	0	0.46	0.33	0.17	0.21	
ai-predictive-flow-zeiierman	15m	PIEVERSEUSD	stop2	75	-0.230	-17.3	0.39	34	-0.287	41	-0.184	0	0.39	0.24	0.12	0.19	
ai-predictive-flow-zeiierman	15m	PIEVERSEUSD	tp1	42	-0.191	-8.0	0.45	22	-0.191	20	-0.192	0	0.31	0.00	0.00	0.29	
ai-predictive-flow-zeiierman	15m	PIEVERSEUSD	levels	42	0.246	10.3	0.55	22	0.259	20	0.230	1	0.55	0.36	0.24	0.29	
ai-predictive-flow-zeiierman	15m	PIEVERSEUSD	er0.25	23	0.203	4.7	0.52	10	0.616	13	-0.114	0	0.52	0.35	0.22	0.35	
ai-predictive-flow-zeiierman	15m	PIEVERSEUSD	confirm1	18	0.109	2.0	0.61	9	-0.063	9	0.282	0	0.61	0.33	0.17	0.33	
ai-predictive-flow-zeiierman	15m	PIEVERSEUSD	er+stop1.5	36	0.160	5.8	0.50	16	0.126	20	0.187	1	0.50	0.36	0.22	0.25	
ai-predictive-flow-zeiierman	15m	PIEVERSEUSD	er+stop2	43	-0.124	-5.3	0.42	19	-0.115	24	-0.131	0	0.42	0.26	0.16	0.23	
ai-predictive-flow-zeiierman	15m	PIEVERSEUSD	confirm1+er	13	-0.103	-1.3	0.46	7	-0.260	6	0.080	0	0.46	0.31	0.15	0.46	
ai-predictive-flow-zeiierman	15m	PIEVERSEUSD	inverted	42	0.335	14.1	0.64	22	0.246	20	0.432	1	0.64	0.40	0.24	0.33	
ai-predictive-flow-zeiierman	15m	PIEVERSEUSD	long	42	0.246	10.3	0.55	22	0.259	20	0.230	1	0.55	0.36	0.24	0.29	
ai-predictive-flow-zeiierman	15m	PIEVERSEUSD	short	0	0.000	0.0	0.00	0	0.000	0	0.000	0	0.00	0.00	0.00	0.00	
ai-predictive-flow-zeiierman	15m	PIEVERSEUSD	label:alertcondition:Background Turned Bullish	42	0.246	10.3	0.55	22	0.259	20	0.230	1	0.55	0.36	0.24	0.29	
ai-predictive-flow-zeiierman	15m	PIEVERSEUSD	verdict	42	0.246	10.3	0.55	22	0.259	20	0.230	1	0.55	0.36	0.24	0.29	pays as read → nothing to fix; measure in shadow
ai-predictive-flow-zeiierman	1h	PIEVERSEUSD	base	40	0.620	24.8	0.63	21	0.975	19	0.227	1	0.55	0.35	0.17	0.23	
ai-predictive-flow-zeiierman	1h	PIEVERSEUSD	gross	46	0.765	35.2	0.63	24	1.044	22	0.460	1	0.57	0.37	0.20	0.22	
ai-predictive-flow-zeiierman	1h	PIEVERSEUSD	stop1.5	46	0.557	25.6	0.70	24	0.823	22	0.266	1	0.67	0.43	0.24	0.09	
ai-predictive-flow-zeiierman	1h	PIEVERSEUSD	stop2	46	0.414	19.1	0.70	24	0.734	22	0.065	1	0.70	0.41	0.17	0.07	
ai-predictive-flow-zeiierman	1h	PIEVERSEUSD	tp1	40	-0.039	-1.6	0.53	21	0.043	19	-0.130	0	0.30	0.00	0.00	0.25	
ai-predictive-flow-zeiierman	1h	PIEVERSEUSD	levels	40	0.620	24.8	0.63	21	0.975	19	0.227	1	0.55	0.35	0.17	0.23	
ai-predictive-flow-zeiierman	1h	PIEVERSEUSD	er0.25	19	1.216	23.1	0.63	11	1.680	8	0.578	1	0.47	0.32	0.21	0.32	
ai-predictive-flow-zeiierman	1h	PIEVERSEUSD	confirm1	21	0.104	2.2	0.57	13	-0.291	8	0.746	0	0.57	0.33	0.19	0.29	
ai-predictive-flow-zeiierman	1h	PIEVERSEUSD	er+stop1.5	20	1.236	24.7	0.85	11	1.640	9	0.742	1	0.80	0.60	0.40	0.15	
ai-predictive-flow-zeiierman	1h	PIEVERSEUSD	er+stop2	20	0.887	17.7	0.80	11	1.329	9	0.345	1	0.80	0.65	0.35	0.10	
ai-predictive-flow-zeiierman	1h	PIEVERSEUSD	confirm1+er	11	0.299	3.3	0.64	6	-0.171	5	0.864	0	0.64	0.36	0.27	0.36	
ai-predictive-flow-zeiierman	1h	PIEVERSEUSD	inverted	40	0.090	3.6	0.57	21	0.014	19	0.174	1	0.57	0.42	0.17	0.33	
ai-predictive-flow-zeiierman	1h	PIEVERSEUSD	long	40	0.620	24.8	0.63	21	0.975	19	0.227	1	0.55	0.35	0.17	0.23	
ai-predictive-flow-zeiierman	1h	PIEVERSEUSD	short	0	0.000	0.0	0.00	0	0.000	0	0.000	0	0.00	0.00	0.00	0.00	
ai-predictive-flow-zeiierman	1h	PIEVERSEUSD	label:alertcondition:Background Turned Bullish	40	0.620	24.8	0.63	21	0.975	19	0.227	1	0.55	0.35	0.17	0.23	
ai-predictive-flow-zeiierman	1h	PIEVERSEUSD	verdict	40	0.620	24.8	0.63	21	0.975	19	0.227	1	0.55	0.35	0.17	0.23	pays as read → nothing to fix; measure in shadow
ai-predictive-flow-zeiierman	1h	UNIUSD	base	44	-0.004	-0.2	0.68	21	-0.326	23	0.291	0	0.68	0.27	0.02	0.18	
ai-predictive-flow-zeiierman	1h	UNIUSD	gross	45	0.089	4.0	0.69	22	-0.230	23	0.395	0	0.69	0.29	0.02	0.18	
ai-predictive-flow-zeiierman	1h	UNIUSD	stop1.5	45	0.080	3.6	0.76	22	-0.142	23	0.293	0	0.76	0.18	0.02	0.04	
ai-predictive-flow-zeiierman	1h	UNIUSD	stop2	45	-0.011	-0.5	0.71	22	-0.131	23	0.103	0	0.71	0.09	0.00	0.04	
ai-predictive-flow-zeiierman	1h	UNIUSD	tp1	44	-0.089	-3.9	0.50	21	-0.297	23	0.101	0	0.50	0.00	0.00	0.20	
ai-predictive-flow-zeiierman	1h	UNIUSD	levels	44	-0.004	-0.2	0.68	21	-0.326	23	0.291	0	0.68	0.27	0.02	0.18	
ai-predictive-flow-zeiierman	1h	UNIUSD	er0.25	21	0.036	0.8	0.71	10	-0.321	11	0.362	0	0.71	0.29	0.00	0.19	
ai-predictive-flow-zeiierman	1h	UNIUSD	confirm1	26	-0.176	-4.6	0.54	11	-0.381	15	-0.025	0	0.54	0.23	0.04	0.31	
ai-predictive-flow-zeiierman	1h	UNIUSD	er+stop1.5	21	0.072	1.5	0.71	10	-0.218	11	0.335	0	0.71	0.29	0.05	0.05	
ai-predictive-flow-zeiierman	1h	UNIUSD	er+stop2	21	0.004	0.1	0.71	10	-0.146	11	0.141	0	0.71	0.05	0.00	0.05	
ai-predictive-flow-zeiierman	1h	UNIUSD	confirm1+er	14	-0.200	-2.8	0.57	3	-0.136	11	-0.218	0	0.57	0.21	0.00	0.36	
ai-predictive-flow-zeiierman	1h	UNIUSD	inverted	44	-0.054	-2.4	0.66	21	0.037	23	-0.137	0	0.66	0.16	0.05	0.25	
ai-predictive-flow-zeiierman	1h	UNIUSD	long	44	-0.004	-0.2	0.68	21	-0.326	23	0.291	0	0.68	0.27	0.02	0.18	
ai-predictive-flow-zeiierman	1h	UNIUSD	short	0	0.000	0.0	0.00	0	0.000	0	0.000	0	0.00	0.00	0.00	0.00	
ai-predictive-flow-zeiierman	1h	UNIUSD	label:alertcondition:Background Turned Bullish	44	-0.004	-0.2	0.68	21	-0.326	23	0.291	0	0.68	0.27	0.02	0.18	
ai-predictive-flow-zeiierman	1h	UNIUSD	verdict	44	-0.004	-0.2	0.68	21	-0.326	23	0.291	0	0.68	0.27	0.02	0.18	no variant pays in both halves → not a reading, exit or cost problem on this cell; re-time or retire the pair
ai-predictive-flow-zeiierman	15m	ZECUSD	base	68	-0.001	-0.1	0.71	18	0.008	50	-0.004	0	0.71	0.19	0.09	0.07	
ai-predictive-flow-zeiierman	15m	ZECUSD	gross	96	0.268	25.8	0.72	43	0.432	53	0.135	1	0.72	0.23	0.13	0.11	
ai-predictive-flow-zeiierman	15m	ZECUSD	stop1.5	89	0.021	1.9	0.70	36	-0.127	53	0.122	0	0.70	0.25	0.08	0.07	
ai-predictive-flow-zeiierman	15m	ZECUSD	stop2	93	0.065	6.0	0.71	41	-0.011	52	0.125	0	0.71	0.25	0.09	0.01	
ai-predictive-flow-zeiierman	15m	ZECUSD	tp1	68	-0.081	-5.5	0.53	18	-0.501	50	0.071	0	0.63	0.00	0.00	0.12	
ai-predictive-flow-zeiierman	15m	ZECUSD	levels	68	-0.001	-0.1	0.71	18	0.008	50	-0.004	0	0.71	0.19	0.09	0.07	
ai-predictive-flow-zeiierman	15m	ZECUSD	er0.25	39	0.070	2.7	0.72	7	0.322	32	0.015	1	0.72	0.26	0.13	0.03	
ai-predictive-flow-zeiierman	15m	ZECUSD	confirm1	30	-0.185	-5.6	0.57	7	-0.741	23	-0.016	0	0.57	0.27	0.03	0.23	
ai-predictive-flow-zeiierman	15m	ZECUSD	er+stop1.5	52	0.103	5.4	0.71	18	0.086	34	0.112	1	0.71	0.31	0.12	0.06	
ai-predictive-flow-zeiierman	15m	ZECUSD	er+stop2	55	0.121	6.7	0.73	21	0.206	34	0.068	1	0.73	0.24	0.11	0.00	
ai-predictive-flow-zeiierman	15m	ZECUSD	confirm1+er	19	-0.345	-6.5	0.47	5	-0.656	14	-0.234	0	0.47	0.21	0.00	0.26	
ai-predictive-flow-zeiierman	15m	ZECUSD	inverted	68	-0.043	-2.9	0.66	18	0.347	50	-0.184	0	0.66	0.28	0.06	0.12	
ai-predictive-flow-zeiierman	15m	ZECUSD	long	68	-0.001	-0.1	0.71	18	0.008	50	-0.004	0	0.71	0.19	0.09	0.07	
ai-predictive-flow-zeiierman	15m	ZECUSD	short	0	0.000	0.0	0.00	0	0.000	0	0.000	0	0.00	0.00	0.00	0.00	
ai-predictive-flow-zeiierman	15m	ZECUSD	label:alertcondition:Background Turned Bullish	68	-0.001	-0.1	0.71	18	0.008	50	-0.004	0	0.71	0.19	0.09	0.07	
ai-predictive-flow-zeiierman	15m	ZECUSD	verdict	68	-0.001	-0.1	0.71	18	0.008	50	-0.004	0	0.71	0.19	0.09	0.07	COSTS: positive before fees, negative after → a slower timeframe or a wider stop/target so each trade pays the round trip several times over
ai-predictive-flow-zeiierman	1h	ZECUSD	base	51	0.497	25.3	0.80	25	0.625	26	0.374	1	0.80	0.37	0.18	0.10	
ai-predictive-flow-zeiierman	1h	ZECUSD	gross	51	0.609	31.1	0.80	25	0.740	26	0.484	1	0.80	0.37	0.18	0.10	
ai-predictive-flow-zeiierman	1h	ZECUSD	stop1.5	50	0.408	20.4	0.86	25	0.429	25	0.387	1	0.86	0.34	0.10	0.04	
ai-predictive-flow-zeiierman	1h	ZECUSD	stop2	50	0.371	18.6	0.88	25	0.450	25	0.293	1	0.88	0.26	0.06	0.02	
ai-predictive-flow-zeiierman	1h	ZECUSD	tp1	51	0.340	17.4	0.73	25	0.417	26	0.267	1	0.49	0.00	0.00	0.10	
ai-predictive-flow-zeiierman	1h	ZECUSD	levels	51	0.497	25.3	0.80	25	0.625	26	0.374	1	0.80	0.37	0.18	0.10	
ai-predictive-flow-zeiierman	1h	ZECUSD	er0.25	28	0.616	17.3	0.79	14	0.845	14	0.387	1	0.79	0.36	0.21	0.14	
ai-predictive-flow-zeiierman	1h	ZECUSD	confirm1	34	0.166	5.6	0.59	20	-0.058	14	0.486	0	0.59	0.29	0.18	0.32	
ai-predictive-flow-zeiierman	1h	ZECUSD	er+stop1.5	27	0.546	14.7	0.89	14	0.657	13	0.425	1	0.89	0.37	0.19	0.04	
ai-predictive-flow-zeiierman	1h	ZECUSD	er+stop2	27	0.470	12.7	0.89	14	0.661	13	0.265	1	0.89	0.33	0.11	0.04	
ai-predictive-flow-zeiierman	1h	ZECUSD	confirm1+er	22	0.292	6.4	0.59	13	-0.024	9	0.749	0	0.59	0.32	0.23	0.36	
ai-predictive-flow-zeiierman	1h	ZECUSD	inverted	51	-0.284	-14.5	0.49	25	-0.380	26	-0.192	0	0.49	0.06	0.02	0.43	
ai-predictive-flow-zeiierman	1h	ZECUSD	long	51	0.497	25.3	0.80	25	0.625	26	0.374	1	0.80	0.37	0.18	0.10	
ai-predictive-flow-zeiierman	1h	ZECUSD	short	0	0.000	0.0	0.00	0	0.000	0	0.000	0	0.00	0.00	0.00	0.00	
ai-predictive-flow-zeiierman	1h	ZECUSD	label:alertcondition:Background Turned Bullish	51	0.497	25.3	0.80	25	0.625	26	0.374	1	0.80	0.37	0.18	0.10	
ai-predictive-flow-zeiierman	1h	ZECUSD	verdict	51	0.497	25.3	0.80	25	0.625	26	0.374	1	0.80	0.37	0.18	0.10	pays as read → nothing to fix; measure in shadow
kinetic-momentum-vectors	1h	ETHUSD	base	14	0.282	3.9	0.86	5	0.289	9	0.277	1	0.86	0.14	0.07	0.14	
kinetic-momentum-vectors	1h	ETHUSD	gross	14	0.421	5.9	0.86	5	0.431	9	0.416	1	0.86	0.14	0.07	0.14	
kinetic-momentum-vectors	1h	ETHUSD	stop1.5	14	0.582	8.1	0.93	5	0.385	9	0.691	1	0.93	0.14	0.07	0.07	
kinetic-momentum-vectors	1h	ETHUSD	stop2	14	0.870	12.2	0.93	5	0.340	9	1.164	1	0.93	0.21	0.14	0.07	
kinetic-momentum-vectors	1h	ETHUSD	tp1	14	0.362	5.1	0.79	5	0.374	9	0.355	1	0.64	0.00	0.00	0.21	
kinetic-momentum-vectors	1h	ETHUSD	levels	14	0.282	3.9	0.86	5	0.289	9	0.277	1	0.86	0.14	0.07	0.14	
kinetic-momentum-vectors	1h	ETHUSD	er0.25	9	0.317	2.8	0.78	3	0.386	6	0.282	0	0.78	0.22	0.11	0.22	
kinetic-momentum-vectors	1h	ETHUSD	confirm1	8	-0.147	-1.2	0.63	3	0.332	5	-0.434	0	0.63	0.13	0.00	0.25	
kinetic-momentum-vectors	1h	ETHUSD	er+stop1.5	9	0.724	6.5	0.89	3	0.302	6	0.935	0	0.89	0.11	0.11	0.11	
kinetic-momentum-vectors	1h	ETHUSD	er+stop2	9	1.152	10.4	0.89	3	0.304	6	1.575	0	0.89	0.22	0.22	0.11	
kinetic-momentum-vectors	1h	ETHUSD	confirm1+er	6	-0.101	-0.6	0.67	2	0.282	4	-0.293	0	0.67	0.00	0.00	0.33	
kinetic-momentum-vectors	1h	ETHUSD	inverted	14	-0.467	-6.5	0.36	5	-0.488	9	-0.456	0	0.36	0.07	0.07	0.50	
kinetic-momentum-vectors	1h	ETHUSD	long	14	0.282	3.9	0.86	5	0.289	9	0.277	1	0.86	0.14	0.07	0.14	
kinetic-momentum-vectors	1h	ETHUSD	short	0	0.000	0.0	0.00	0	0.000	0	0.000	0	0.00	0.00	0.00	0.00	
kinetic-momentum-vectors	1h	ETHUSD	label:shape:Bull Spike	14	0.282	3.9	0.86	5	0.289	9	0.277	1	0.86	0.14	0.07	0.14	
kinetic-momentum-vectors	1h	ETHUSD	verdict	14	0.282	3.9	0.86	5	0.289	9	0.277	1	0.86	0.14	0.07	0.14	too few trades to say → more history or a faster timeframe before judging
kinetic-momentum-vectors	1h	FILUSD	base	27	0.227	6.1	0.52	15	-0.089	12	0.621	0	0.48	0.33	0.15	0.41	
kinetic-momentum-vectors	1h	FILUSD	gross	27	0.316	8.5	0.52	15	-0.001	12	0.714	0	0.48	0.33	0.15	0.41	
kinetic-momentum-vectors	1h	FILUSD	stop1.5	27	0.134	3.6	0.59	15	-0.039	12	0.350	0	0.59	0.26	0.11	0.26	
kinetic-momentum-vectors	1h	FILUSD	stop2	26	0.098	2.5	0.62	14	-0.126	12	0.358	0	0.62	0.27	0.08	0.12	
kinetic-momentum-vectors	1h	FILUSD	tp1	27	-0.103	-2.8	0.48	15	-0.514	12	0.409	0	0.22	0.00	0.00	0.41	
kinetic-momentum-vectors	1h	FILUSD	levels	27	0.227	6.1	0.52	15	-0.089	12	0.621	0	0.48	0.33	0.15	0.41	
kinetic-momentum-vectors	1h	FILUSD	er0.25	21	0.355	7.4	0.57	9	-0.001	12	0.621	0	0.52	0.33	0.14	0.38	
kinetic-momentum-vectors	1h	FILUSD	confirm1	11	-0.203	-2.2	0.45	4	-0.972	7	0.236	0	0.45	0.36	0.09	0.45	
kinetic-momentum-vectors	1h	FILUSD	er+stop1.5	21	0.143	3.0	0.57	9	-0.133	12	0.350	0	0.57	0.29	0.10	0.29	
kinetic-momentum-vectors	1h	FILUSD	er+stop2	21	0.138	2.9	0.62	9	-0.155	12	0.358	0	0.62	0.29	0.10	0.14	
kinetic-momentum-vectors	1h	FILUSD	confirm1+er	8	0.085	0.7	0.63	1	-0.972	7	0.236	0	0.63	0.50	0.13	0.38	
kinetic-momentum-vectors	1h	FILUSD	inverted	26	-0.026	-0.7	0.58	14	0.315	12	-0.423	0	0.58	0.19	0.12	0.42	
kinetic-momentum-vectors	1h	FILUSD	long	27	0.227	6.1	0.52	15	-0.089	12	0.621	0	0.48	0.33	0.15	0.41	
kinetic-momentum-vectors	1h	FILUSD	short	0	0.000	0.0	0.00	0	0.000	0	0.000	0	0.00	0.00	0.00	0.00	
kinetic-momentum-vectors	1h	FILUSD	label:shape:Bull Spike	27	0.227	6.1	0.52	15	-0.089	12	0.621	0	0.48	0.33	0.15	0.41	
kinetic-momentum-vectors	1h	FILUSD	verdict	27	0.227	6.1	0.52	15	-0.089	12	0.621	0	0.48	0.33	0.15	0.41	no variant pays in both halves → not a reading, exit or cost problem on this cell; re-time or retire the pair
kinetic-momentum-vectors	1h	PIEVERSEUSD	base	48	0.354	17.0	0.67	23	-0.004	25	0.683	0	0.65	0.29	0.13	0.25	
kinetic-momentum-vectors	1h	PIEVERSEUSD	gross	48	0.429	20.6	0.67	23	0.043	25	0.783	1	0.65	0.29	0.13	0.25	
kinetic-momentum-vectors	1h	PIEVERSEUSD	stop1.5	44	0.288	12.7	0.68	22	0.032	22	0.544	1	0.68	0.32	0.11	0.20	
kinetic-momentum-vectors	1h	PIEVERSEUSD	stop2	42	0.268	11.3	0.64	21	0.164	21	0.373	1	0.64	0.31	0.12	0.19	
kinetic-momentum-vectors	1h	PIEVERSEUSD	tp1	49	0.035	1.7	0.55	23	-0.015	26	0.079	0	0.39	0.00	0.00	0.33	
kinetic-momentum-vectors	1h	PIEVERSEUSD	levels	48	0.354	17.0	0.67	23	-0.004	25	0.683	0	0.65	0.29	0.13	0.25	
kinetic-momentum-vectors	1h	PIEVERSEUSD	er0.25	40	0.381	15.2	0.68	20	0.014	20	0.748	1	0.65	0.33	0.13	0.25	
kinetic-momentum-vectors	1h	PIEVERSEUSD	confirm1	26	0.053	1.4	0.65	12	0.077	14	0.032	1	0.65	0.23	0.12	0.35	
kinetic-momentum-vectors	1h	PIEVERSEUSD	er+stop1.5	38	0.228	8.7	0.66	20	0.012	18	0.468	1	0.66	0.29	0.08	0.24	
kinetic-momentum-vectors	1h	PIEVERSEUSD	er+stop2	36	0.252	9.1	0.64	19	0.243	17	0.262	1	0.64	0.28	0.11	0.19	
kinetic-momentum-vectors	1h	PIEVERSEUSD	confirm1+er	23	0.076	1.7	0.65	12	0.077	11	0.075	1	0.65	0.26	0.13	0.35	
kinetic-momentum-vectors	1h	PIEVERSEUSD	inverted	49	0.115	5.6	0.61	23	0.120	26	0.111	1	0.61	0.27	0.14	0.33	
kinetic-momentum-vectors	1h	PIEVERSEUSD	long	48	0.354	17.0	0.67	23	-0.004	25	0.683	0	0.65	0.29	0.13	0.25	
kinetic-momentum-vectors	1h	PIEVERSEUSD	short	0	0.000	0.0	0.00	0	0.000	0	0.000	0	0.00	0.00	0.00	0.00	
kinetic-momentum-vectors	1h	PIEVERSEUSD	label:shape:Bull Spike	48	0.354	17.0	0.67	23	-0.004	25	0.683	0	0.65	0.29	0.13	0.25	
kinetic-momentum-vectors	1h	PIEVERSEUSD	verdict	48	0.354	17.0	0.67	23	-0.004	25	0.683	0	0.65	0.29	0.13	0.25	READING: direction inverted → the signals mean the opposite of how they are read (a warning read as an entry, a state read as a flip); invert or restrict the source
kinetic-momentum-vectors	1h	UNIUSD	base	39	0.213	8.3	0.74	21	0.201	18	0.226	1	0.74	0.36	0.10	0.15	
kinetic-momentum-vectors	1h	UNIUSD	gross	39	0.284	11.1	0.74	21	0.265	18	0.307	1	0.74	0.36	0.10	0.15	
kinetic-momentum-vectors	1h	UNIUSD	stop1.5	37	0.181	6.7	0.81	19	0.185	18	0.176	1	0.81	0.22	0.00	0.05	
kinetic-momentum-vectors	1h	UNIUSD	stop2	34	0.134	4.5	0.79	17	-0.073	17	0.341	0	0.79	0.18	0.00	0.00	
kinetic-momentum-vectors	1h	UNIUSD	tp1	40	0.253	10.1	0.68	21	0.152	19	0.364	1	0.47	0.00	0.00	0.17	
kinetic-momentum-vectors	1h	UNIUSD	levels	39	0.213	8.3	0.74	21	0.201	18	0.226	1	0.74	0.36	0.10	0.15	
kinetic-momentum-vectors	1h	UNIUSD	er0.25	32	0.220	7.0	0.75	18	0.230	14	0.206	1	0.75	0.41	0.09	0.16	
kinetic-momentum-vectors	1h	UNIUSD	confirm1	26	-0.139	-3.6	0.62	13	-0.134	13	-0.144	0	0.62	0.19	0.00	0.23	
kinetic-momentum-vectors	1h	UNIUSD	er+stop1.5	30	0.212	6.3	0.83	16	0.232	14	0.189	1	0.83	0.23	0.00	0.07	
kinetic-momentum-vectors	1h	UNIUSD	er+stop2	27	0.151	4.1	0.81	14	0.028	13	0.284	1	0.81	0.15	0.00	0.00	
kinetic-momentum-vectors	1h	UNIUSD	confirm1+er	21	-0.109	-2.3	0.62	11	-0.088	10	-0.132	0	0.62	0.24	0.00	0.29	
kinetic-momentum-vectors	1h	UNIUSD	inverted	39	-0.297	-11.6	0.46	20	-0.263	19	-0.334	0	0.46	0.10	0.03	0.44	
kinetic-momentum-vectors	1h	UNIUSD	long	39	0.213	8.3	0.74	21	0.201	18	0.226	1	0.74	0.36	0.10	0.15	
kinetic-momentum-vectors	1h	UNIUSD	short	0	0.000	0.0	0.00	0	0.000	0	0.000	0	0.00	0.00	0.00	0.00	
kinetic-momentum-vectors	1h	UNIUSD	label:shape:Bull Spike	39	0.213	8.3	0.74	21	0.201	18	0.226	1	0.74	0.36	0.10	0.15	
kinetic-momentum-vectors	1h	UNIUSD	verdict	39	0.213	8.3	0.74	21	0.201	18	0.226	1	0.74	0.36	0.10	0.15	pays as read → nothing to fix; measure in shadow
liquidity-trail-matrix	1h	EVAAUSD	base	71	0.315	22.4	0.79	30	0.512	41	0.171	1	0.77	0.21	0.08	0.04	
liquidity-trail-matrix	1h	EVAAUSD	gross	71	0.378	26.9	0.79	30	0.585	41	0.227	1	0.77	0.21	0.08	0.04	
liquidity-trail-matrix	1h	EVAAUSD	stop1.5	71	0.315	22.4	0.79	30	0.512	41	0.171	1	0.77	0.21	0.08	0.04	
liquidity-trail-matrix	1h	EVAAUSD	stop2	71	0.315	22.4	0.79	30	0.512	41	0.171	1	0.77	0.21	0.08	0.04	
liquidity-trail-matrix	1h	EVAAUSD	tp1	71	0.284	20.2	0.68	30	0.238	41	0.318	1	0.70	0.00	0.00	0.06	
liquidity-trail-matrix	1h	EVAAUSD	levels	71	0.315	22.4	0.79	30	0.512	41	0.171	1	0.77	0.21	0.08	0.04	
liquidity-trail-matrix	1h	EVAAUSD	script	71	0.315	22.4	0.79	30	0.512	41	0.171	1	0.77	0.21	0.08	0.04	
liquidity-trail-matrix	1h	EVAAUSD	er0.25	40	0.178	7.1	0.72	21	0.137	19	0.223	1	0.72	0.20	0.07	0.05	
liquidity-trail-matrix	1h	EVAAUSD	confirm1	35	0.312	10.9	0.77	13	0.481	22	0.212	1	0.69	0.26	0.06	0.00	
liquidity-trail-matrix	1h	EVAAUSD	er+stop1.5	40	0.178	7.1	0.72	21	0.137	19	0.223	1	0.72	0.20	0.07	0.05	
liquidity-trail-matrix	1h	EVAAUSD	er+stop2	40	0.178	7.1	0.72	21	0.137	19	0.223	1	0.72	0.20	0.07	0.05	
liquidity-trail-matrix	1h	EVAAUSD	confirm1+er	19	0.472	9.0	0.84	11	0.528	8	0.396	1	0.68	0.37	0.05	0.00	
liquidity-trail-matrix	1h	EVAAUSD	inverted	72	-0.081	-5.8	0.56	31	0.114	41	-0.229	0	0.56	0.19	0.06	0.26	
liquidity-trail-matrix	1h	EVAAUSD	long	43	0.342	14.7	0.79	20	0.674	23	0.053	1	0.79	0.21	0.09	0.05	
liquidity-trail-matrix	1h	EVAAUSD	short	28	0.269	7.5	0.79	10	0.190	18	0.313	1	0.75	0.21	0.07	0.04	
liquidity-trail-matrix	1h	EVAAUSD	label:alert:🟢 LONG	43	0.346	14.9	0.79	20	0.674	23	0.061	1	0.79	0.21	0.09	0.05	
liquidity-trail-matrix	1h	EVAAUSD	label:alert:🔴 SHORT	28	0.269	7.5	0.79	10	0.190	18	0.313	1	0.75	0.21	0.07	0.04	
liquidity-trail-matrix	1h	EVAAUSD	verdict	71	0.315	22.4	0.79	30	0.512	41	0.171	1	0.77	0.21	0.08	0.04	pays as read → nothing to fix; measure in shadow
pivot-channel-breaks	1h	LINKUSD	base	63	0.051	3.2	0.67	32	-0.017	31	0.121	0	0.67	0.21	0.06	0.16	
pivot-channel-breaks	1h	LINKUSD	gross	69	0.111	7.7	0.64	35	0.014	34	0.210	1	0.64	0.19	0.06	0.19	
pivot-channel-breaks	1h	LINKUSD	stop1.5	68	0.064	4.3	0.69	34	0.128	34	-0.001	0	0.69	0.15	0.07	0.09	
pivot-channel-breaks	1h	LINKUSD	stop2	66	0.120	7.9	0.71	34	0.106	32	0.135	1	0.71	0.18	0.11	0.00	
pivot-channel-breaks	1h	LINKUSD	tp1	62	-0.013	-0.8	0.56	32	-0.081	30	0.059	0	0.55	0.00	0.00	0.18	
pivot-channel-breaks	1h	LINKUSD	levels	63	0.051	3.2	0.67	32	-0.017	31	0.121	0	0.67	0.21	0.06	0.16	
pivot-channel-breaks	1h	LINKUSD	er0.25	33	0.016	0.5	0.61	16	-0.106	17	0.130	0	0.61	0.18	0.06	0.21	
pivot-channel-breaks	1h	LINKUSD	confirm1	34	0.017	0.6	0.65	18	0.026	16	0.008	1	0.65	0.18	0.09	0.24	
pivot-channel-breaks	1h	LINKUSD	er+stop1.5	37	0.010	0.4	0.65	17	0.048	20	-0.022	0	0.65	0.14	0.08	0.11	
pivot-channel-breaks	1h	LINKUSD	er+stop2	36	0.084	3.0	0.72	17	0.133	19	0.041	1	0.72	0.17	0.11	0.00	
pivot-channel-breaks	1h	LINKUSD	confirm1+er	20	-0.127	-2.5	0.60	9	-0.267	11	-0.013	0	0.60	0.20	0.05	0.25	
pivot-channel-breaks	1h	LINKUSD	inverted	63	-0.200	-12.6	0.62	32	-0.166	31	-0.235	0	0.62	0.11	0.00	0.21	
pivot-channel-breaks	1h	LINKUSD	long	63	0.051	3.2	0.67	32	-0.017	31	0.121	0	0.67	0.21	0.06	0.16	
pivot-channel-breaks	1h	LINKUSD	short	0	0.000	0.0	0.00	0	0.000	0	0.000	0	0.00	0.00	0.00	0.00	
pivot-channel-breaks	1h	LINKUSD	label:shape:Break Up	63	0.051	3.2	0.67	32	-0.017	31	0.121	0	0.67	0.21	0.06	0.16	
pivot-channel-breaks	1h	LINKUSD	verdict	63	0.051	3.2	0.67	32	-0.017	31	0.121	0	0.67	0.21	0.06	0.16	COSTS: positive before fees, negative after → a slower timeframe or a wider stop/target so each trade pays the round trip several times over
pivot-channel-breaks	1h	SAGAUSD	base	58	-0.040	-2.3	0.57	27	-0.191	31	0.092	0	0.57	0.31	0.07	0.26	
pivot-channel-breaks	1h	SAGAUSD	gross	58	0.037	2.1	0.57	27	-0.127	31	0.180	0	0.57	0.31	0.07	0.26	
pivot-channel-breaks	1h	SAGAUSD	stop1.5	58	0.083	4.8	0.66	27	-0.015	31	0.169	0	0.66	0.28	0.09	0.14	
pivot-channel-breaks	1h	SAGAUSD	stop2	58	0.085	4.9	0.67	27	0.072	31	0.096	1	0.67	0.24	0.07	0.09	
pivot-channel-breaks	1h	SAGAUSD	tp1	58	-0.050	-2.9	0.52	27	-0.249	31	0.123	0	0.36	0.00	0.00	0.26	
pivot-channel-breaks	1h	SAGAUSD	levels	58	-0.040	-2.3	0.57	27	-0.191	31	0.092	0	0.57	0.31	0.07	0.26	
pivot-channel-breaks	1h	SAGAUSD	er0.25	24	-0.041	-1.0	0.54	10	-0.104	14	0.004	0	0.54	0.25	0.04	0.33	
pivot-channel-breaks	1h	SAGAUSD	confirm1	29	-0.047	-1.4	0.48	10	0.133	19	-0.142	0	0.48	0.31	0.10	0.28	
pivot-channel-breaks	1h	SAGAUSD	er+stop1.5	24	0.283	6.8	0.71	10	0.225	14	0.325	1	0.71	0.29	0.13	0.13	
pivot-channel-breaks	1h	SAGAUSD	er+stop2	24	0.247	5.9	0.75	10	0.196	14	0.283	1	0.75	0.25	0.08	0.04	
pivot-channel-breaks	1h	SAGAUSD	confirm1+er	16	0.207	3.3	0.56	5	0.229	11	0.197	1	0.56	0.31	0.19	0.44	
pivot-channel-breaks	1h	SAGAUSD	inverted	58	0.108	6.3	0.64	27	0.321	31	-0.077	0	0.64	0.33	0.14	0.28	
pivot-channel-breaks	1h	SAGAUSD	long	58	-0.040	-2.3	0.57	27	-0.191	31	0.092	0	0.57	0.31	0.07	0.26	
pivot-channel-breaks	1h	SAGAUSD	short	0	0.000	0.0	0.00	0	0.000	0	0.000	0	0.00	0.00	0.00	0.00	
pivot-channel-breaks	1h	SAGAUSD	label:shape:Break Up	58	-0.040	-2.3	0.57	27	-0.191	31	0.092	0	0.57	0.31	0.07	0.26	
pivot-channel-breaks	1h	SAGAUSD	verdict	58	-0.040	-2.3	0.57	27	-0.191	31	0.092	0	0.57	0.31	0.07	0.26	no variant pays in both halves → not a reading, exit or cost problem on this cell; re-time or retire the pair
pivot-channel-breaks	1h	UNIUSD	base	59	0.100	5.9	0.66	30	0.010	29	0.193	1	0.66	0.27	0.10	0.15	
pivot-channel-breaks	1h	UNIUSD	gross	59	0.190	11.2	0.66	30	0.109	29	0.274	1	0.66	0.27	0.10	0.15	
pivot-channel-breaks	1h	UNIUSD	stop1.5	59	0.093	5.5	0.69	30	0.062	29	0.124	1	0.69	0.17	0.05	0.05	
pivot-channel-breaks	1h	UNIUSD	stop2	59	0.028	1.7	0.69	30	-0.089	29	0.150	0	0.69	0.17	0.03	0.03	
pivot-channel-breaks	1h	UNIUSD	tp1	59	-0.011	-0.6	0.54	30	-0.165	29	0.149	0	0.51	0.00	0.00	0.15	
pivot-channel-breaks	1h	UNIUSD	levels	59	0.100	5.9	0.66	30	0.010	29	0.193	1	0.66	0.27	0.10	0.15	
pivot-channel-breaks	1h	UNIUSD	er0.25	26	0.301	7.8	0.69	14	0.325	12	0.273	1	0.69	0.27	0.15	0.19	
pivot-channel-breaks	1h	UNIUSD	confirm1	35	0.015	0.5	0.66	17	0.114	18	-0.079	0	0.66	0.23	0.06	0.23	
pivot-channel-breaks	1h	UNIUSD	er+stop1.5	26	0.346	9.0	0.77	14	0.526	12	0.137	1	0.77	0.23	0.12	0.08	
pivot-channel-breaks	1h	UNIUSD	er+stop2	26	0.260	6.8	0.77	14	0.223	12	0.303	1	0.77	0.31	0.08	0.08	
pivot-channel-breaks	1h	UNIUSD	confirm1+er	21	0.108	2.3	0.71	10	0.222	11	0.004	1	0.71	0.29	0.05	0.29	
pivot-channel-breaks	1h	UNIUSD	inverted	59	-0.135	-7.9	0.59	30	-0.079	29	-0.192	0	0.59	0.12	0.05	0.25	
pivot-channel-breaks	1h	UNIUSD	long	59	0.100	5.9	0.66	30	0.010	29	0.193	1	0.66	0.27	0.10	0.15	
pivot-channel-breaks	1h	UNIUSD	short	0	0.000	0.0	0.00	0	0.000	0	0.000	0	0.00	0.00	0.00	0.00	
pivot-channel-breaks	1h	UNIUSD	label:shape:Break Up	59	0.100	5.9	0.66	30	0.010	29	0.193	1	0.66	0.27	0.10	0.15	
pivot-channel-breaks	1h	UNIUSD	verdict	59	0.100	5.9	0.66	30	0.010	29	0.193	1	0.66	0.27	0.10	0.15	pays as read → nothing to fix; measure in shadow
pulse-trend-radar	1h	ZECUSD	base	69	0.023	1.6	0.67	34	0.141	35	-0.092	0	0.67	0.13	0.04	0.03	
pulse-trend-radar	1h	ZECUSD	gross	69	0.054	3.8	0.67	34	0.172	35	-0.060	0	0.67	0.13	0.04	0.03	
pulse-trend-radar	1h	ZECUSD	stop1.5	69	0.023	1.6	0.67	34	0.141	35	-0.092	0	0.67	0.13	0.04	0.03	
pulse-trend-radar	1h	ZECUSD	stop2	69	0.023	1.6	0.67	34	0.141	35	-0.092	0	0.67	0.13	0.04	0.03	
pulse-trend-radar	1h	ZECUSD	tp1	69	-0.056	-3.9	0.48	34	0.142	35	-0.248	0	0.64	0.00	0.00	0.03	
pulse-trend-radar	1h	ZECUSD	levels	69	0.023	1.6	0.67	34	0.141	35	-0.092	0	0.67	0.13	0.04	0.03	
pulse-trend-radar	1h	ZECUSD	script	69	0.023	1.6	0.67	34	0.141	35	-0.092	0	0.67	0.13	0.04	0.03	
pulse-trend-radar	1h	ZECUSD	er0.25	34	0.167	5.7	0.74	17	0.240	17	0.094	1	0.74	0.18	0.06	0.00	
pulse-trend-radar	1h	ZECUSD	confirm1	29	-0.025	-0.7	0.62	15	-0.058	14	0.010	0	0.62	0.14	0.03	0.00	
pulse-trend-radar	1h	ZECUSD	er+stop1.5	34	0.167	5.7	0.74	17	0.240	17	0.094	1	0.74	0.18	0.06	0.00	
pulse-trend-radar	1h	ZECUSD	er+stop2	34	0.167	5.7	0.74	17	0.240	17	0.094	1	0.74	0.18	0.06	0.00	
pulse-trend-radar	1h	ZECUSD	confirm1+er	20	0.003	0.1	0.65	10	-0.001	10	0.007	0	0.65	0.15	0.00	0.00	
pulse-trend-radar	1h	ZECUSD	inverted	69	0.028	1.9	0.72	34	0.083	35	-0.026	0	0.72	0.17	0.03	0.12	
pulse-trend-radar	1h	ZECUSD	long	34	-0.064	-2.2	0.59	17	-0.022	17	-0.106	0	0.59	0.12	0.06	0.03	
pulse-trend-radar	1h	ZECUSD	short	35	0.102	3.6	0.74	17	0.304	18	-0.088	0	0.74	0.14	0.03	0.03	
pulse-trend-radar	1h	ZECUSD	label:alert:🟢 BUY [C]	20	0.135	2.7	0.70	13	0.079	7	0.238	1	0.70	0.15	0.05	0.05	
pulse-trend-radar	1h	ZECUSD	label:alert:🔴 SELL [B]	12	0.089	1.1	0.75	5	0.088	7	0.090	1	0.75	0.08	0.00	0.00	
pulse-trend-radar	1h	ZECUSD	label:alert:🔴 SELL [C]	21	0.004	0.1	0.71	11	0.241	10	-0.257	0	0.71	0.14	0.00	0.05	
pulse-trend-radar	1h	ZECUSD	label:alert:🟢 BUY [B]	13	-0.298	-3.9	0.46	4	-0.352	9	-0.275	0	0.46	0.08	0.08	0.00	
pulse-trend-radar	1h	ZECUSD	verdict	69	0.023	1.6	0.67	34	0.141	35	-0.092	0	0.67	0.13	0.04	0.03	WHIPSAW: pays only when the market is moving efficiently → efficiency-ratio gate ≥ 0.25 on this timeframe
pulse-trend-radar	1h	PIEVERSEUSD	base	92	0.146	13.4	0.58	50	-0.014	42	0.336	0	0.57	0.26	0.13	0.09	
pulse-trend-radar	1h	PIEVERSEUSD	gross	111	0.365	40.5	0.59	58	0.148	53	0.603	1	0.56	0.29	0.15	0.12	
pulse-trend-radar	1h	PIEVERSEUSD	stop1.5	102	0.205	20.9	0.60	54	-0.002	48	0.437	0	0.59	0.29	0.14	0.10	
pulse-trend-radar	1h	PIEVERSEUSD	stop2	103	0.201	20.7	0.59	54	-0.006	49	0.428	0	0.58	0.30	0.15	0.09	
pulse-trend-radar	1h	PIEVERSEUSD	tp1	92	-0.077	-7.1	0.48	50	-0.115	42	-0.032	0	0.42	0.00	0.00	0.09	
pulse-trend-radar	1h	PIEVERSEUSD	levels	92	0.146	13.4	0.58	50	-0.014	42	0.336	0	0.57	0.26	0.13	0.09	
pulse-trend-radar	1h	PIEVERSEUSD	script	92	0.146	13.4	0.58	50	-0.014	42	0.336	0	0.57	0.26	0.13	0.09	
pulse-trend-radar	1h	PIEVERSEUSD	er0.25	35	0.323	11.3	0.69	16	0.169	19	0.452	1	0.69	0.26	0.11	0.11	
pulse-trend-radar	1h	PIEVERSEUSD	confirm1	43	0.027	1.2	0.67	17	0.121	26	-0.035	0	0.56	0.14	0.00	0.02	
pulse-trend-radar	1h	PIEVERSEUSD	er+stop1.5	39	0.355	13.9	0.69	16	0.178	23	0.479	1	0.69	0.28	0.13	0.13	
pulse-trend-radar	1h	PIEVERSEUSD	er+stop2	39	0.325	12.7	0.67	16	0.183	23	0.423	1	0.67	0.31	0.13	0.10	
pulse-trend-radar	1h	PIEVERSEUSD	confirm1+er	22	0.046	1.0	0.68	9	0.275	13	-0.112	0	0.64	0.18	0.00	0.05	
pulse-trend-radar	1h	PIEVERSEUSD	inverted	94	0.249	23.4	0.65	50	0.213	44	0.289	1	0.64	0.32	0.16	0.18	
pulse-trend-radar	1h	PIEVERSEUSD	long	45	0.159	7.1	0.56	24	-0.058	21	0.406	0	0.53	0.24	0.13	0.11	
pulse-trend-radar	1h	PIEVERSEUSD	short	47	0.099	4.7	0.60	26	0.007	21	0.214	1	0.60	0.28	0.13	0.09	
pulse-trend-radar	1h	PIEVERSEUSD	label:alert:🟢 BUY [C]	32	0.246	7.9	0.56	16	-0.096	16	0.587	0	0.53	0.28	0.13	0.09	
pulse-trend-radar	1h	PIEVERSEUSD	label:alert:🔴 SELL [C]	32	0.182	5.8	0.59	18	0.049	14	0.354	1	0.59	0.34	0.13	0.09	
pulse-trend-radar	1h	PIEVERSEUSD	label:alert:🟢 BUY [B]	11	0.076	0.8	0.55	7	0.165	4	-0.081	0	0.55	0.18	0.18	0.18	
pulse-trend-radar	1h	PIEVERSEUSD	label:alert:🔴 SELL [B]	10	0.046	0.5	0.60	4	0.295	6	-0.120	0	0.60	0.20	0.20	0.00	
pulse-trend-radar	1h	PIEVERSEUSD	verdict	92	0.146	13.4	0.58	50	-0.014	42	0.336	0	0.57	0.26	0.13	0.09	READING: direction inverted → the signals mean the opposite of how they are read (a warning read as an entry, a state read as a flip); invert or restrict the source
session-killzones-breakouts	1h	PIEVERSEUSD	base	56	0.212	11.8	0.59	27	-0.065	29	0.469	0	0.59	0.29	0.14	0.29	
session-killzones-breakouts	1h	PIEVERSEUSD	gross	60	0.463	27.8	0.60	29	0.154	31	0.752	1	0.60	0.30	0.17	0.27	
session-killzones-breakouts	1h	PIEVERSEUSD	stop1.5	59	0.218	12.9	0.59	29	-0.014	30	0.443	0	0.59	0.29	0.15	0.22	
session-killzones-breakouts	1h	PIEVERSEUSD	stop2	60	0.360	21.6	0.62	29	0.100	31	0.604	1	0.62	0.33	0.20	0.10	
session-killzones-breakouts	1h	PIEVERSEUSD	tp1	56	-0.085	-4.8	0.50	27	-0.193	29	0.015	0	0.38	0.00	0.00	0.30	
session-killzones-breakouts	1h	PIEVERSEUSD	levels	56	0.212	11.8	0.59	27	-0.065	29	0.469	0	0.59	0.29	0.14	0.29	
session-killzones-breakouts	1h	PIEVERSEUSD	er0.25	23	0.341	7.8	0.61	13	0.113	10	0.637	1	0.61	0.35	0.17	0.30	
session-killzones-breakouts	1h	PIEVERSEUSD	confirm1	24	-0.013	-0.3	0.50	11	-0.622	13	0.502	0	0.46	0.21	0.04	0.46	
session-killzones-breakouts	1h	PIEVERSEUSD	er+stop1.5	24	0.101	2.4	0.54	14	-0.026	10	0.278	0	0.54	0.38	0.17	0.29	
session-killzones-breakouts	1h	PIEVERSEUSD	er+stop2	24	0.404	9.7	0.67	14	0.370	10	0.453	1	0.67	0.38	0.25	0.13	
session-killzones-breakouts	1h	PIEVERSEUSD	confirm1+er	16	0.389	6.2	0.69	5	-0.452	11	0.771	0	0.63	0.31	0.06	0.31	
session-killzones-breakouts	1h	PIEVERSEUSD	inverted	56	0.235	13.2	0.61	27	0.313	29	0.163	1	0.61	0.38	0.16	0.29	
session-killzones-breakouts	1h	PIEVERSEUSD	long	56	0.212	11.8	0.59	27	-0.065	29	0.469	0	0.59	0.29	0.14	0.29	
session-killzones-breakouts	1h	PIEVERSEUSD	short	0	0.000	0.0	0.00	0	0.000	0	0.000	0	0.00	0.00	0.00	0.00	
session-killzones-breakouts	1h	PIEVERSEUSD	label:shape:Asia Bull Breakout	56	0.212	11.8	0.59	27	-0.065	29	0.469	0	0.59	0.29	0.14	0.29	
session-killzones-breakouts	1h	PIEVERSEUSD	verdict	56	0.212	11.8	0.59	27	-0.065	29	0.469	0	0.59	0.29	0.14	0.29	READING: direction inverted → the signals mean the opposite of how they are read (a warning read as an entry, a state read as a flip); invert or restrict the source
session-killzones-breakouts	1h	ETHUSD	base	69	-0.018	-1.2	0.70	35	0.148	34	-0.188	0	0.70	0.17	0.04	0.19	
session-killzones-breakouts	1h	ETHUSD	gross	89	0.141	12.5	0.71	40	0.347	49	-0.028	0	0.71	0.21	0.07	0.18	
session-killzones-breakouts	1h	ETHUSD	stop1.5	87	0.016	1.4	0.70	40	0.070	47	-0.031	0	0.70	0.20	0.05	0.08	
session-killzones-breakouts	1h	ETHUSD	stop2	83	-0.072	-6.0	0.63	37	-0.010	46	-0.122	0	0.63	0.19	0.05	0.04	
session-killzones-breakouts	1h	ETHUSD	tp1	69	-0.100	-6.9	0.52	35	-0.077	34	-0.123	0	0.49	0.00	0.00	0.22	
session-killzones-breakouts	1h	ETHUSD	levels	69	-0.018	-1.2	0.70	35	0.148	34	-0.188	0	0.70	0.17	0.04	0.19	
session-killzones-breakouts	1h	ETHUSD	er0.25	34	0.068	2.3	0.76	16	0.195	18	-0.045	0	0.76	0.21	0.06	0.12	
session-killzones-breakouts	1h	ETHUSD	confirm1	31	-0.005	-0.2	0.58	19	0.021	12	-0.047	0	0.58	0.16	0.10	0.29	
session-killzones-breakouts	1h	ETHUSD	er+stop1.5	42	0.083	3.5	0.79	18	0.133	24	0.046	1	0.79	0.19	0.02	0.05	
session-killzones-breakouts	1h	ETHUSD	er+stop2	42	-0.042	-1.8	0.67	18	0.090	24	-0.140	0	0.67	0.17	0.05	0.05	
session-killzones-breakouts	1h	ETHUSD	confirm1+er	16	-0.075	-1.2	0.56	10	0.051	6	-0.285	0	0.56	0.19	0.06	0.38	
session-killzones-breakouts	1h	ETHUSD	inverted	69	-0.071	-4.9	0.67	35	-0.188	34	0.049	0	0.67	0.19	0.06	0.17	
session-killzones-breakouts	1h	ETHUSD	long	69	-0.018	-1.2	0.70	35	0.148	34	-0.188	0	0.70	0.17	0.04	0.19	
session-killzones-breakouts	1h	ETHUSD	short	0	0.000	0.0	0.00	0	0.000	0	0.000	0	0.00	0.00	0.00	0.00	
session-killzones-breakouts	1h	ETHUSD	label:shape:Asia Bull Breakout	69	-0.018	-1.2	0.70	35	0.148	34	-0.188	0	0.70	0.17	0.04	0.19	
session-killzones-breakouts	1h	ETHUSD	verdict	69	-0.018	-1.2	0.70	35	0.148	34	-0.188	0	0.70	0.17	0.04	0.19	no variant pays in both halves → not a reading, exit or cost problem on this cell; re-time or retire the pair
session-killzones-breakouts	1h	ZECUSD	base	77	0.099	7.6	0.64	36	0.239	41	-0.024	0	0.64	0.27	0.13	0.17	
session-killzones-breakouts	1h	ZECUSD	gross	77	0.180	13.8	0.64	36	0.326	41	0.051	1	0.64	0.27	0.13	0.17	
session-killzones-breakouts	1h	ZECUSD	stop1.5	77	0.180	13.8	0.73	36	0.235	41	0.131	1	0.73	0.30	0.08	0.03	
session-killzones-breakouts	1h	ZECUSD	stop2	74	0.263	19.4	0.74	34	0.362	40	0.178	1	0.74	0.23	0.05	0.00	
session-killzones-breakouts	1h	ZECUSD	tp1	77	0.051	3.9	0.57	36	0.080	41	0.026	1	0.42	0.00	0.00	0.17	
session-killzones-breakouts	1h	ZECUSD	levels	77	0.099	7.6	0.64	36	0.239	41	-0.024	0	0.64	0.27	0.13	0.17	
session-killzones-breakouts	1h	ZECUSD	er0.25	40	0.023	0.9	0.65	16	0.159	24	-0.068	0	0.65	0.23	0.10	0.15	
session-killzones-breakouts	1h	ZECUSD	confirm1	40	0.155	6.2	0.68	21	0.335	19	-0.044	0	0.68	0.33	0.13	0.13	
session-killzones-breakouts	1h	ZECUSD	er+stop1.5	40	0.136	5.4	0.70	16	0.265	24	0.050	1	0.70	0.25	0.05	0.05	
session-killzones-breakouts	1h	ZECUSD	er+stop2	38	0.227	8.6	0.71	14	0.594	24	0.013	1	0.71	0.18	0.05	0.00	
session-killzones-breakouts	1h	ZECUSD	confirm1+er	24	-0.036	-0.9	0.58	9	0.009	15	-0.062	0	0.58	0.29	0.08	0.17	
session-killzones-breakouts	1h	ZECUSD	inverted	77	-0.133	-10.3	0.64	36	-0.105	41	-0.159	0	0.64	0.12	0.00	0.21	
session-killzones-breakouts	1h	ZECUSD	long	77	0.099	7.6	0.64	36	0.239	41	-0.024	0	0.64	0.27	0.13	0.17	
session-killzones-breakouts	1h	ZECUSD	short	0	0.000	0.0	0.00	0	0.000	0	0.000	0	0.00	0.00	0.00	0.00	
session-killzones-breakouts	1h	ZECUSD	label:shape:Asia Bull Breakout	77	0.099	7.6	0.64	36	0.239	41	-0.024	0	0.64	0.27	0.13	0.17	
session-killzones-breakouts	1h	ZECUSD	verdict	77	0.099	7.6	0.64	36	0.239	41	-0.024	0	0.64	0.27	0.13	0.17	COSTS: positive before fees, negative after → a slower timeframe or a wider stop/target so each trade pays the round trip several times over
smart-money-breakout-signals	1h	ETHUSD	base	16	-0.252	-4.0	0.56	7	-0.235	9	-0.266	0	0.56	0.13	0.00	0.19	
smart-money-breakout-signals	1h	ETHUSD	gross	18	-0.264	-4.8	0.50	8	-0.247	10	-0.278	0	0.50	0.11	0.00	0.22	
smart-money-breakout-signals	1h	ETHUSD	stop1.5	18	-0.203	-3.7	0.56	8	-0.517	10	0.049	0	0.56	0.06	0.06	0.17	
smart-money-breakout-signals	1h	ETHUSD	stop2	18	-0.369	-6.6	0.44	8	-0.529	10	-0.242	0	0.44	0.06	0.06	0.17	
smart-money-breakout-signals	1h	ETHUSD	tp1	16	-0.673	-10.8	0.19	7	-0.506	9	-0.802	0	0.44	0.00	0.00	0.25	
smart-money-breakout-signals	1h	ETHUSD	levels	16	-0.252	-4.0	0.56	7	-0.235	9	-0.266	0	0.56	0.13	0.00	0.19	
smart-money-breakout-signals	1h	ETHUSD	er0.25	14	-0.227	-3.2	0.57	5	-0.156	9	-0.266	0	0.57	0.14	0.00	0.21	
smart-money-breakout-signals	1h	ETHUSD	confirm1	5	-0.500	-2.5	0.40	2	0.249	3	-1.000	0	0.40	0.00	0.00	0.20	
smart-money-breakout-signals	1h	ETHUSD	er+stop1.5	15	-0.226	-3.4	0.60	6	-0.356	9	-0.139	0	0.60	0.00	0.00	0.20	
smart-money-breakout-signals	1h	ETHUSD	er+stop2	15	-0.401	-6.0	0.47	6	-0.371	9	-0.421	0	0.47	0.00	0.00	0.20	
smart-money-breakout-signals	1h	ETHUSD	confirm1+er	5	-0.500	-2.5	0.40	2	0.249	3	-1.000	0	0.40	0.00	0.00	0.20	
smart-money-breakout-signals	1h	ETHUSD	inverted	16	0.005	0.1	0.75	7	-0.114	9	0.097	0	0.75	0.19	0.06	0.19	
smart-money-breakout-signals	1h	ETHUSD	long	16	-0.252	-4.0	0.56	7	-0.235	9	-0.266	0	0.56	0.13	0.00	0.19	
smart-money-breakout-signals	1h	ETHUSD	short	0	0.000	0.0	0.00	0	0.000	0	0.000	0	0.00	0.00	0.00	0.00	
smart-money-breakout-signals	1h	ETHUSD	label:alert:Bullish Breakout Detected	16	-0.252	-4.0	0.56	7	-0.235	9	-0.266	0	0.56	0.13	0.00	0.19	
smart-money-breakout-signals	1h	ETHUSD	verdict	16	-0.252	-4.0	0.56	7	-0.235	9	-0.266	0	0.56	0.13	0.00	0.19	too few trades to say → more history or a faster timeframe before judging
smart-money-breakout-signals	1h	FILUSD	base	21	0.444	9.3	0.62	12	0.336	9	0.588	1	0.62	0.38	0.24	0.19	
smart-money-breakout-signals	1h	FILUSD	gross	21	0.627	13.2	0.62	12	0.536	9	0.749	1	0.62	0.38	0.24	0.19	
smart-money-breakout-signals	1h	FILUSD	stop1.5	21	0.364	7.6	0.67	12	0.192	9	0.593	1	0.67	0.29	0.19	0.24	
smart-money-breakout-signals	1h	FILUSD	stop2	21	0.313	6.6	0.71	12	0.173	9	0.501	1	0.71	0.29	0.14	0.14	
smart-money-breakout-signals	1h	FILUSD	tp1	21	0.008	0.2	0.57	12	0.011	9	0.005	1	0.29	0.00	0.00	0.24	
smart-money-breakout-signals	1h	FILUSD	levels	21	0.444	9.3	0.62	12	0.336	9	0.588	1	0.62	0.38	0.24	0.19	
smart-money-breakout-signals	1h	FILUSD	er0.25	18	0.383	6.9	0.56	10	0.177	8	0.640	1	0.56	0.39	0.22	0.22	
smart-money-breakout-signals	1h	FILUSD	confirm1	12	0.274	3.3	0.58	7	-0.069	5	0.755	0	0.58	0.42	0.17	0.42	
smart-money-breakout-signals	1h	FILUSD	er+stop1.5	18	0.392	7.1	0.67	10	0.073	8	0.792	1	0.67	0.28	0.17	0.22	
smart-money-breakout-signals	1h	FILUSD	er+stop2	18	0.357	6.4	0.72	10	0.092	8	0.688	1	0.72	0.28	0.17	0.11	
smart-money-breakout-signals	1h	FILUSD	confirm1+er	12	0.274	3.3	0.58	7	-0.069	5	0.755	0	0.58	0.42	0.17	0.42	
smart-money-breakout-signals	1h	FILUSD	inverted	21	0.010	0.2	0.57	12	-0.166	9	0.245	0	0.57	0.24	0.10	0.33	
smart-money-breakout-signals	1h	FILUSD	long	21	0.444	9.3	0.62	12	0.336	9	0.588	1	0.62	0.38	0.24	0.19	
smart-money-breakout-signals	1h	FILUSD	short	0	0.000	0.0	0.00	0	0.000	0	0.000	0	0.00	0.00	0.00	0.00	
smart-money-breakout-signals	1h	FILUSD	label:alert:Bullish Breakout Detected	21	0.444	9.3	0.62	12	0.336	9	0.588	1	0.62	0.38	0.24	0.19	
smart-money-breakout-signals	1h	FILUSD	verdict	21	0.444	9.3	0.62	12	0.336	9	0.588	1	0.62	0.38	0.24	0.19	pays as read → nothing to fix; measure in shadow
smart-swing-vwap-zeiierman	15m	AKEUSD	base	128	0.071	9.0	0.63	69	0.238	59	-0.125	0	0.63	0.28	0.08	0.20	
smart-swing-vwap-zeiierman	15m	AKEUSD	gross	129	0.131	17.0	0.64	69	0.298	60	-0.061	0	0.64	0.28	0.08	0.19	
smart-swing-vwap-zeiierman	15m	AKEUSD	stop1.5	116	0.066	7.6	0.71	67	0.148	49	-0.047	0	0.71	0.22	0.05	0.09	
smart-swing-vwap-zeiierman	15m	AKEUSD	stop2	101	0.133	13.4	0.73	61	0.302	40	-0.126	0	0.73	0.19	0.04	0.04	
smart-swing-vwap-zeiierman	15m	AKEUSD	tp1	122	0.030	3.7	0.55	67	0.186	55	-0.160	0	0.48	0.00	0.00	0.20	
smart-swing-vwap-zeiierman	15m	AKEUSD	levels	128	0.071	9.0	0.63	69	0.238	59	-0.125	0	0.63	0.28	0.08	0.20	
smart-swing-vwap-zeiierman	15m	AKEUSD	er0.25	24	0.219	5.2	0.67	15	0.306	9	0.073	1	0.67	0.21	0.17	0.25	
smart-swing-vwap-zeiierman	15m	AKEUSD	confirm1	63	0.132	8.3	0.68	38	0.225	25	-0.010	0	0.68	0.24	0.06	0.16	
smart-swing-vwap-zeiierman	15m	AKEUSD	er+stop1.5	23	0.180	4.2	0.74	15	0.235	8	0.079	1	0.74	0.22	0.13	0.17	
smart-swing-vwap-zeiierman	15m	AKEUSD	er+stop2	21	0.499	10.5	0.81	15	0.678	6	0.052	1	0.81	0.33	0.10	0.14	
smart-swing-vwap-zeiierman	15m	AKEUSD	confirm1+er	16	0.103	1.6	0.69	10	0.132	6	0.056	1	0.69	0.31	0.06	0.13	
smart-swing-vwap-zeiierman	15m	AKEUSD	inverted	121	-0.083	-10.1	0.60	69	-0.102	52	-0.058	0	0.60	0.22	0.03	0.22	
smart-swing-vwap-zeiierman	15m	AKEUSD	long	67	0.044	2.9	0.61	33	0.303	34	-0.208	0	0.61	0.21	0.09	0.21	
smart-swing-vwap-zeiierman	15m	AKEUSD	short	59	0.108	6.4	0.66	36	0.178	23	-0.002	0	0.66	0.36	0.07	0.17	
smart-swing-vwap-zeiierman	15m	AKEUSD	label:alertcondition:Bearish AVWAP retest	48	0.179	8.6	0.71	33	0.244	15	0.034	1	0.71	0.38	0.06	0.15	
smart-swing-vwap-zeiierman	15m	AKEUSD	label:alertcondition:Bullish polarity flip	11	0.199	2.2	0.64	5	0.644	6	-0.171	0	0.64	0.27	0.18	0.36	
smart-swing-vwap-zeiierman	15m	AKEUSD	label:alertcondition:Bullish AVWAP retest	58	0.009	0.5	0.60	28	0.242	30	-0.210	0	0.60	0.21	0.07	0.19	
smart-swing-vwap-zeiierman	15m	AKEUSD	label:alertcondition:Bearish polarity flip	11	-0.201	-2.2	0.45	3	-0.549	8	-0.071	0	0.45	0.27	0.09	0.27	
smart-swing-vwap-zeiierman	15m	AKEUSD	verdict	128	0.071	9.0	0.63	69	0.238	59	-0.125	0	0.63	0.28	0.08	0.20	WHIPSAW: pays only when the market is moving efficiently → efficiency-ratio gate ≥ 0.25 on this timeframe
smart-swing-vwap-zeiierman	15m	PIEVERSEUSD	base	59	-0.072	-4.2	0.51	23	0.226	36	-0.262	0	0.51	0.27	0.12	0.31	
smart-swing-vwap-zeiierman	15m	PIEVERSEUSD	gross	96	0.333	32.0	0.55	37	0.755	59	0.069	1	0.54	0.36	0.18	0.27	
smart-swing-vwap-zeiierman	15m	PIEVERSEUSD	stop1.5	75	0.080	6.0	0.61	28	0.271	47	-0.034	0	0.61	0.28	0.09	0.17	
smart-swing-vwap-zeiierman	15m	PIEVERSEUSD	stop2	81	0.142	11.5	0.64	29	0.242	52	0.087	1	0.64	0.31	0.10	0.12	
smart-swing-vwap-zeiierman	15m	PIEVERSEUSD	tp1	59	-0.231	-13.6	0.42	23	-0.116	36	-0.305	0	0.29	0.00	0.00	0.34	
smart-swing-vwap-zeiierman	15m	PIEVERSEUSD	levels	59	-0.072	-4.2	0.51	23	0.226	36	-0.262	0	0.51	0.27	0.12	0.31	
smart-swing-vwap-zeiierman	15m	PIEVERSEUSD	er0.25	34	0.080	2.7	0.53	18	0.267	16	-0.130	0	0.53	0.29	0.18	0.41	
smart-swing-vwap-zeiierman	15m	PIEVERSEUSD	confirm1	29	-0.197	-5.7	0.45	14	0.012	15	-0.391	0	0.45	0.34	0.07	0.24	
smart-swing-vwap-zeiierman	15m	PIEVERSEUSD	er+stop1.5	41	-0.002	-0.1	0.61	20	0.129	21	-0.127	0	0.61	0.27	0.05	0.22	
smart-swing-vwap-zeiierman	15m	PIEVERSEUSD	er+stop2	42	0.033	1.4	0.62	19	0.173	23	-0.083	0	0.62	0.31	0.05	0.19	
smart-swing-vwap-zeiierman	15m	PIEVERSEUSD	confirm1+er	16	0.063	1.0	0.56	10	0.265	6	-0.275	0	0.56	0.44	0.13	0.25	
smart-swing-vwap-zeiierman	15m	PIEVERSEUSD	inverted	60	0.251	15.1	0.65	24	0.217	36	0.274	1	0.65	0.40	0.15	0.23	
smart-swing-vwap-zeiierman	15m	PIEVERSEUSD	long	36	-0.099	-3.6	0.44	17	0.263	19	-0.423	0	0.44	0.25	0.11	0.39	
smart-swing-vwap-zeiierman	15m	PIEVERSEUSD	short	23	-0.029	-0.7	0.61	6	0.121	17	-0.082	0	0.61	0.30	0.13	0.17	
smart-swing-vwap-zeiierman	15m	PIEVERSEUSD	label:alertcondition:Bearish AVWAP retest	16	0.123	2.0	0.69	4	0.299	12	0.064	0	0.69	0.38	0.19	0.13	
smart-swing-vwap-zeiierman	15m	PIEVERSEUSD	label:alertcondition:Bullish AVWAP retest	26	-0.033	-0.9	0.46	13	0.445	13	-0.512	0	0.46	0.23	0.12	0.35	
smart-swing-vwap-zeiierman	15m	PIEVERSEUSD	label:alertcondition:Bullish polarity flip	10	-0.269	-2.7	0.40	4	-0.326	6	-0.231	0	0.40	0.30	0.10	0.50	
smart-swing-vwap-zeiierman	15m	PIEVERSEUSD	verdict	59	-0.072	-4.2	0.51	23	0.226	36	-0.262	0	0.51	0.27	0.12	0.31	READING: direction inverted → the signals mean the opposite of how they are read (a warning read as an entry, a state read as a flip); invert or restrict the source
smart-swing-vwap-zeiierman	15m	SAGAUSD	base	65	-0.123	-8.0	0.54	23	-0.195	42	-0.084	0	0.54	0.23	0.05	0.31	
smart-swing-vwap-zeiierman	15m	SAGAUSD	gross	125	0.078	9.7	0.49	66	0.041	59	0.118	1	0.48	0.27	0.14	0.35	
smart-swing-vwap-zeiierman	15m	SAGAUSD	stop1.5	92	-0.143	-13.1	0.57	42	-0.330	50	0.015	0	0.57	0.16	0.02	0.23	
smart-swing-vwap-zeiierman	15m	SAGAUSD	stop2	109	-0.140	-15.2	0.55	59	-0.215	50	-0.051	0	0.55	0.17	0.05	0.15	
smart-swing-vwap-zeiierman	15m	SAGAUSD	tp1	65	-0.113	-7.4	0.48	23	-0.368	42	0.026	0	0.40	0.00	0.00	0.31	
smart-swing-vwap-zeiierman	15m	SAGAUSD	levels	65	-0.123	-8.0	0.54	23	-0.195	42	-0.084	0	0.54	0.23	0.05	0.31	
smart-swing-vwap-zeiierman	15m	SAGAUSD	er0.25	28	-0.423	-11.8	0.39	12	-0.725	16	-0.195	0	0.39	0.11	0.00	0.46	
smart-swing-vwap-zeiierman	15m	SAGAUSD	confirm1	31	0.058	1.8	0.65	7	0.589	24	-0.097	0	0.65	0.19	0.06	0.32	
smart-swing-vwap-zeiierman	15m	SAGAUSD	er+stop1.5	42	-0.252	-10.6	0.50	20	-0.495	22	-0.031	0	0.50	0.14	0.02	0.26	
smart-swing-vwap-zeiierman	15m	SAGAUSD	er+stop2	49	-0.249	-12.2	0.51	26	-0.432	23	-0.042	0	0.51	0.16	0.04	0.14	
smart-swing-vwap-zeiierman	15m	SAGAUSD	confirm1+er	13	-0.040	-0.5	0.69	3	-0.092	10	-0.025	0	0.69	0.08	0.00	0.31	
smart-swing-vwap-zeiierman	15m	SAGAUSD	inverted	66	0.289	19.1	0.70	23	0.644	43	0.099	1	0.68	0.26	0.09	0.24	
smart-swing-vwap-zeiierman	15m	SAGAUSD	long	47	-0.091	-4.3	0.53	16	-0.104	31	-0.084	0	0.53	0.26	0.06	0.34	
smart-swing-vwap-zeiierman	15m	SAGAUSD	short	18	-0.207	-3.7	0.56	7	-0.403	11	-0.082	0	0.56	0.17	0.00	0.22	
smart-swing-vwap-zeiierman	15m	SAGAUSD	label:alertcondition:Bullish polarity flip	12	0.055	0.7	0.50	5	0.486	7	-0.253	0	0.50	0.17	0.08	0.50	
smart-swing-vwap-zeiierman	15m	SAGAUSD	label:alertcondition:Bearish AVWAP retest	10	-0.146	-1.5	0.60	3	-0.460	7	-0.012	0	0.60	0.20	0.00	0.20	
smart-swing-vwap-zeiierman	15m	SAGAUSD	label:alertcondition:Bullish AVWAP retest	35	-0.141	-4.9	0.54	11	-0.372	24	-0.035	0	0.54	0.29	0.06	0.29	
smart-swing-vwap-zeiierman	15m	SAGAUSD	verdict	65	-0.123	-8.0	0.54	23	-0.195	42	-0.084	0	0.54	0.23	0.05	0.31	READING: direction inverted → the signals mean the opposite of how they are read (a warning read as an entry, a state read as a flip); invert or restrict the source
smart-swing-vwap-zeiierman	15m	UNIUSD	base	117	-0.086	-10.1	0.62	44	-0.169	73	-0.036	0	0.62	0.26	0.04	0.21	
smart-swing-vwap-zeiierman	15m	UNIUSD	gross	162	-0.029	-4.7	0.60	81	-0.077	81	0.018	0	0.60	0.25	0.04	0.25	
smart-swing-vwap-zeiierman	15m	UNIUSD	stop1.5	148	-0.077	-11.4	0.66	69	-0.102	79	-0.055	0	0.66	0.15	0.04	0.11	
smart-swing-vwap-zeiierman	15m	UNIUSD	stop2	141	-0.080	-11.3	0.65	70	-0.111	71	-0.050	0	0.65	0.13	0.04	0.06	
smart-swing-vwap-zeiierman	15m	UNIUSD	tp1	114	-0.057	-6.5	0.54	43	-0.149	71	-0.001	0	0.50	0.00	0.00	0.22	
smart-swing-vwap-zeiierman	15m	UNIUSD	levels	117	-0.086	-10.1	0.62	44	-0.169	73	-0.036	0	0.62	0.26	0.04	0.21	
smart-swing-vwap-zeiierman	15m	UNIUSD	er0.25	18	-0.072	-1.3	0.67	6	-0.128	12	-0.043	0	0.67	0.22	0.06	0.22	
smart-swing-vwap-zeiierman	15m	UNIUSD	confirm1	52	-0.016	-0.8	0.71	19	-0.317	33	0.158	0	0.71	0.15	0.02	0.15	
smart-swing-vwap-zeiierman	15m	UNIUSD	er+stop1.5	23	-0.146	-3.4	0.65	10	-0.073	13	-0.202	0	0.65	0.09	0.00	0.22	
smart-swing-vwap-zeiierman	15m	UNIUSD	er+stop2	24	-0.024	-0.6	0.67	12	0.081	12	-0.129	0	0.67	0.13	0.04	0.13	
smart-swing-vwap-zeiierman	15m	UNIUSD	confirm1+er	11	-0.203	-2.2	0.64	5	0.006	6	-0.376	0	0.64	0.00	0.00	0.09	
smart-swing-vwap-zeiierman	15m	UNIUSD	inverted	117	-0.062	-7.3	0.64	44	0.079	73	-0.147	0	0.64	0.24	0.06	0.19	
smart-swing-vwap-zeiierman	15m	UNIUSD	long	80	-0.105	-8.4	0.60	28	-0.082	52	-0.118	0	0.60	0.30	0.04	0.19	
smart-swing-vwap-zeiierman	15m	UNIUSD	short	37	-0.045	-1.7	0.65	16	-0.323	21	0.167	0	0.65	0.19	0.05	0.27	
smart-swing-vwap-zeiierman	15m	UNIUSD	label:alertcondition:Bearish AVWAP retest	32	-0.039	-1.2	0.69	14	-0.238	18	0.115	0	0.69	0.19	0.03	0.22	
smart-swing-vwap-zeiierman	15m	UNIUSD	label:alertcondition:Bullish AVWAP retest	71	-0.109	-7.7	0.59	25	-0.089	46	-0.120	0	0.59	0.31	0.04	0.18	
smart-swing-vwap-zeiierman	15m	UNIUSD	verdict	117	-0.086	-10.1	0.62	44	-0.169	73	-0.036	0	0.62	0.26	0.04	0.21	no variant pays in both halves → not a reading, exit or cost problem on this cell; re-time or retire the pair
smart-swing-vwap-zeiierman	1h	AKEUSD	base	15	0.145	2.2	0.60	12	0.055	3	0.505	0	0.60	0.40	0.07	0.27	
smart-swing-vwap-zeiierman	1h	AKEUSD	gross	15	0.170	2.6	0.60	12	0.081	3	0.527	0	0.60	0.40	0.07	0.27	
smart-swing-vwap-zeiierman	1h	AKEUSD	stop1.5	10	0.121	1.2	0.80	9	0.245	1	-0.990	0	0.80	0.00	0.00	0.10	
smart-swing-vwap-zeiierman	1h	AKEUSD	stop2	6	0.348	2.1	1.00	6	0.348	0	0.000	0	1.00	0.00	0.00	0.00	
smart-swing-vwap-zeiierman	1h	AKEUSD	tp1	15	0.166	2.5	0.60	12	0.293	3	-0.341	0	0.40	0.00	0.00	0.27	
smart-swing-vwap-zeiierman	1h	AKEUSD	levels	15	0.145	2.2	0.60	12	0.055	3	0.505	0	0.60	0.40	0.07	0.27	
smart-swing-vwap-zeiierman	1h	AKEUSD	er0.25	5	0.784	3.9	0.80	3	0.468	2	1.257	0	0.80	0.40	0.20	0.20	
smart-swing-vwap-zeiierman	1h	AKEUSD	confirm1	8	0.095	0.8	0.75	8	0.095	0	0.000	0	0.75	0.13	0.00	0.00	
smart-swing-vwap-zeiierman	1h	AKEUSD	er+stop1.5	3	-0.101	-0.3	0.67	2	0.343	1	-0.990	0	0.67	0.00	0.00	0.33	
smart-swing-vwap-zeiierman	1h	AKEUSD	er+stop2	2	0.314	0.6	1.00	2	0.314	0	0.000	0	1.00	0.00	0.00	0.00	
smart-swing-vwap-zeiierman	1h	AKEUSD	confirm1+er	2	0.404	0.8	1.00	2	0.404	0	0.000	0	1.00	0.00	0.00	0.00	
smart-swing-vwap-zeiierman	1h	AKEUSD	inverted	16	-0.056	-0.9	0.63	13	-0.237	3	0.731	0	0.63	0.13	0.06	0.13	
smart-swing-vwap-zeiierman	1h	AKEUSD	long	11	0.404	4.4	0.73	9	0.215	2	1.257	0	0.73	0.45	0.09	0.18	
smart-swing-vwap-zeiierman	1h	AKEUSD	short	4	-0.569	-2.3	0.25	3	-0.426	1	-1.000	0	0.25	0.25	0.00	0.50	
smart-swing-vwap-zeiierman	1h	AKEUSD	label:alertcondition:Bullish AVWAP retest	10	0.543	5.4	0.80	9	0.215	1	3.500	0	0.80	0.50	0.10	0.10	
smart-swing-vwap-zeiierman	1h	AKEUSD	verdict	15	0.145	2.2	0.60	12	0.055	3	0.505	0	0.60	0.40	0.07	0.27	too few trades to say → more history or a faster timeframe before judging
smart-swing-vwap-zeiierman	1h	PIEVERSEUSD	base	63	0.084	5.3	0.59	31	-0.036	32	0.200	0	0.59	0.30	0.13	0.29	
smart-swing-vwap-zeiierman	1h	PIEVERSEUSD	gross	67	0.097	6.5	0.57	34	-0.032	33	0.229	0	0.57	0.28	0.12	0.30	
smart-swing-vwap-zeiierman	1h	PIEVERSEUSD	stop1.5	65	-0.021	-1.4	0.57	32	-0.020	33	-0.023	0	0.57	0.23	0.06	0.20	
smart-swing-vwap-zeiierman	1h	PIEVERSEUSD	stop2	63	0.008	0.5	0.62	31	0.056	32	-0.038	0	0.62	0.27	0.05	0.11	
smart-swing-vwap-zeiierman	1h	PIEVERSEUSD	tp1	63	-0.130	-8.2	0.46	31	-0.266	32	0.001	0	0.35	0.00	0.00	0.33	
smart-swing-vwap-zeiierman	1h	PIEVERSEUSD	levels	63	0.084	5.3	0.59	31	-0.036	32	0.200	0	0.59	0.30	0.13	0.29	
smart-swing-vwap-zeiierman	1h	PIEVERSEUSD	er0.25	34	0.240	8.2	0.65	22	0.104	12	0.489	1	0.65	0.32	0.15	0.29	
smart-swing-vwap-zeiierman	1h	PIEVERSEUSD	confirm1	32	0.238	7.6	0.56	16	0.412	16	0.063	1	0.53	0.28	0.13	0.28	
smart-swing-vwap-zeiierman	1h	PIEVERSEUSD	er+stop1.5	34	0.276	9.4	0.71	22	0.300	12	0.232	1	0.71	0.32	0.09	0.12	
smart-swing-vwap-zeiierman	1h	PIEVERSEUSD	er+stop2	33	0.363	12.0	0.82	21	0.420	12	0.262	1	0.82	0.39	0.09	0.06	
smart-swing-vwap-zeiierman	1h	PIEVERSEUSD	confirm1+er	20	0.551	11.0	0.60	13	0.463	7	0.714	1	0.55	0.40	0.15	0.40	
smart-swing-vwap-zeiierman	1h	PIEVERSEUSD	inverted	63	0.137	8.6	0.60	31	0.308	32	-0.029	0	0.60	0.35	0.13	0.35	
smart-swing-vwap-zeiierman	1h	PIEVERSEUSD	long	54	0.047	2.6	0.56	25	-0.126	29	0.197	0	0.56	0.28	0.13	0.30	
smart-swing-vwap-zeiierman	1h	PIEVERSEUSD	short	9	0.301	2.7	0.78	6	0.337	3	0.230	0	0.78	0.44	0.11	0.22	
smart-swing-vwap-zeiierman	1h	PIEVERSEUSD	label:alertcondition:Bullish AVWAP retest	45	0.012	0.6	0.58	20	-0.274	25	0.242	0	0.58	0.29	0.13	0.24	
smart-swing-vwap-zeiierman	1h	PIEVERSEUSD	verdict	63	0.084	5.3	0.59	31	-0.036	32	0.200	0	0.59	0.30	0.13	0.29	WHIPSAW: pays only when the market is moving efficiently → efficiency-ratio gate ≥ 0.25 on this timeframe
smart-swing-vwap-zeiierman	1h	SAGAUSD	base	68	0.056	3.8	0.54	23	-0.057	45	0.114	0	0.54	0.29	0.13	0.28	
smart-swing-vwap-zeiierman	1h	SAGAUSD	gross	68	0.143	9.7	0.54	23	0.015	45	0.208	1	0.54	0.29	0.13	0.28	
smart-swing-vwap-zeiierman	1h	SAGAUSD	stop1.5	64	0.001	0.1	0.59	23	-0.172	41	0.098	0	0.59	0.31	0.08	0.17	
smart-swing-vwap-zeiierman	1h	SAGAUSD	stop2	60	-0.033	-2.0	0.58	22	-0.244	38	0.090	0	0.58	0.27	0.07	0.10	
smart-swing-vwap-zeiierman	1h	SAGAUSD	tp1	69	-0.170	-11.7	0.45	23	-0.198	46	-0.156	0	0.26	0.00	0.00	0.29	
smart-swing-vwap-zeiierman	1h	SAGAUSD	levels	68	0.056	3.8	0.54	23	-0.057	45	0.114	0	0.54	0.29	0.13	0.28	
smart-swing-vwap-zeiierman	1h	SAGAUSD	er0.25	24	0.218	5.2	0.58	10	0.254	14	0.192	1	0.58	0.38	0.21	0.33	
smart-swing-vwap-zeiierman	1h	SAGAUSD	confirm1	26	-0.107	-2.8	0.58	11	-0.127	15	-0.093	0	0.58	0.31	0.00	0.23	
smart-swing-vwap-zeiierman	1h	SAGAUSD	er+stop1.5	24	0.090	2.2	0.63	10	0.009	14	0.149	1	0.63	0.38	0.08	0.21	
smart-swing-vwap-zeiierman	1h	SAGAUSD	er+stop2	24	0.068	1.6	0.67	10	-0.080	14	0.175	0	0.67	0.29	0.04	0.21	
smart-swing-vwap-zeiierman	1h	SAGAUSD	confirm1+er	10	0.089	0.9	0.70	4	-0.493	6	0.476	0	0.70	0.20	0.00	0.30	
smart-swing-vwap-zeiierman	1h	SAGAUSD	inverted	69	0.266	18.3	0.70	23	0.250	46	0.274	1	0.70	0.30	0.10	0.26	
smart-swing-vwap-zeiierman	1h	SAGAUSD	long	35	0.216	7.6	0.60	11	-0.251	24	0.430	0	0.60	0.31	0.17	0.29	
smart-swing-vwap-zeiierman	1h	SAGAUSD	short	33	-0.113	-3.7	0.48	12	0.121	21	-0.247	0	0.48	0.27	0.09	0.27	
smart-swing-vwap-zeiierman	1h	SAGAUSD	label:alertcondition:Bullish AVWAP retest	28	0.139	3.9	0.61	8	-0.287	20	0.310	0	0.61	0.25	0.14	0.29	
smart-swing-vwap-zeiierman	1h	SAGAUSD	label:alertcondition:Bearish AVWAP retest	30	-0.025	-0.8	0.53	12	0.121	18	-0.123	0	0.53	0.30	0.10	0.27	
smart-swing-vwap-zeiierman	1h	SAGAUSD	verdict	68	0.056	3.8	0.54	23	-0.057	45	0.114	0	0.54	0.29	0.13	0.28	READING: direction inverted → the signals mean the opposite of how they are read (a warning read as an entry, a state read as a flip); invert or restrict the source
smart-swing-vwap-zeiierman	1h	UNIUSD	base	103	0.118	12.1	0.72	47	0.251	56	0.006	1	0.72	0.24	0.06	0.16	
smart-swing-vwap-zeiierman	1h	UNIUSD	gross	103	0.218	22.5	0.72	47	0.381	56	0.082	1	0.72	0.24	0.06	0.16	
smart-swing-vwap-zeiierman	1h	UNIUSD	stop1.5	99	0.093	9.2	0.73	45	0.178	54	0.022	1	0.73	0.20	0.05	0.09	
smart-swing-vwap-zeiierman	1h	UNIUSD	stop2	88	0.078	6.9	0.68	41	0.233	47	-0.057	0	0.68	0.18	0.03	0.03	
smart-swing-vwap-zeiierman	1h	UNIUSD	tp1	94	-0.063	-5.9	0.51	43	0.151	51	-0.243	0	0.55	0.00	0.00	0.17	
smart-swing-vwap-zeiierman	1h	UNIUSD	levels	103	0.118	12.1	0.72	47	0.251	56	0.006	1	0.72	0.24	0.06	0.16	
smart-swing-vwap-zeiierman	1h	UNIUSD	er0.25	23	0.346	8.0	0.74	10	0.485	13	0.240	1	0.74	0.30	0.09	0.09	
smart-swing-vwap-zeiierman	1h	UNIUSD	confirm1	55	0.213	11.7	0.75	26	0.324	29	0.113	1	0.75	0.29	0.11	0.11	
smart-swing-vwap-zeiierman	1h	UNIUSD	er+stop1.5	23	0.173	4.0	0.74	10	0.211	13	0.144	1	0.74	0.26	0.04	0.04	
smart-swing-vwap-zeiierman	1h	UNIUSD	er+stop2	23	-0.015	-0.3	0.61	10	-0.009	13	-0.019	0	0.61	0.13	0.04	0.04	
smart-swing-vwap-zeiierman	1h	UNIUSD	confirm1+er	16	0.386	6.2	0.81	7	0.361	9	0.405	1	0.81	0.31	0.13	0.13	
smart-swing-vwap-zeiierman	1h	UNIUSD	inverted	100	-0.090	-9.0	0.62	45	-0.136	55	-0.053	0	0.62	0.21	0.03	0.23	
smart-swing-vwap-zeiierman	1h	UNIUSD	long	55	0.301	16.6	0.80	26	0.513	29	0.111	1	0.80	0.31	0.07	0.11	
smart-swing-vwap-zeiierman	1h	UNIUSD	short	47	-0.035	-1.6	0.64	20	0.063	27	-0.107	0	0.64	0.17	0.06	0.21	
smart-swing-vwap-zeiierman	1h	UNIUSD	label:alertcondition:Bullish AVWAP retest	47	0.132	6.2	0.77	24	0.249	23	0.010	1	0.77	0.28	0.04	0.11	
smart-swing-vwap-zeiierman	1h	UNIUSD	label:alertcondition:Bearish AVWAP retest	42	-0.023	-1.0	0.67	17	-0.006	25	-0.035	0	0.67	0.17	0.05	0.19	
smart-swing-vwap-zeiierman	1h	UNIUSD	verdict	103	0.118	12.1	0.72	47	0.251	56	0.006	1	0.72	0.24	0.06	0.16	pays as read → nothing to fix; measure in shadow
structure-anchored-vwap	1h	ZECUSD	base	59	0.082	4.8	0.76	25	0.090	34	0.076	1	0.76	0.17	0.02	0.07	
structure-anchored-vwap	1h	ZECUSD	gross	59	0.146	8.6	0.76	25	0.141	34	0.150	1	0.76	0.17	0.02	0.07	
structure-anchored-vwap	1h	ZECUSD	stop1.5	59	0.142	8.4	0.78	25	0.173	34	0.120	1	0.78	0.25	0.03	0.03	
structure-anchored-vwap	1h	ZECUSD	stop2	58	0.169	9.8	0.78	24	0.326	34	0.059	1	0.78	0.26	0.03	0.03	
structure-anchored-vwap	1h	ZECUSD	tp1	59	0.079	4.6	0.58	25	-0.013	34	0.146	0	0.71	0.00	0.00	0.07	
structure-anchored-vwap	1h	ZECUSD	levels	59	0.082	4.8	0.76	25	0.090	34	0.076	1	0.76	0.17	0.02	0.07	
structure-anchored-vwap	1h	ZECUSD	script	59	0.082	4.8	0.76	25	0.090	34	0.076	1	0.76	0.17	0.02	0.07	
structure-anchored-vwap	1h	ZECUSD	er0.25	25	0.210	5.3	0.84	13	0.270	12	0.145	1	0.84	0.20	0.04	0.08	
structure-anchored-vwap	1h	ZECUSD	confirm1	37	0.049	1.8	0.68	17	0.247	20	-0.120	0	0.68	0.24	0.03	0.03	
structure-anchored-vwap	1h	ZECUSD	er+stop1.5	25	0.226	5.7	0.84	13	0.254	12	0.196	1	0.84	0.24	0.04	0.00	
structure-anchored-vwap	1h	ZECUSD	er+stop2	24	0.290	7.0	0.88	12	0.415	12	0.164	1	0.88	0.25	0.04	0.00	
structure-anchored-vwap	1h	ZECUSD	confirm1+er	14	-0.024	-0.3	0.64	9	0.265	5	-0.544	0	0.64	0.21	0.00	0.00	
structure-anchored-vwap	1h	ZECUSD	inverted	58	-0.249	-14.4	0.53	24	-0.166	34	-0.308	0	0.53	0.12	0.03	0.16	
structure-anchored-vwap	1h	ZECUSD	long	29	0.091	2.6	0.79	9	-0.122	20	0.186	0	0.79	0.17	0.00	0.07	
structure-anchored-vwap	1h	ZECUSD	short	30	0.073	2.2	0.73	16	0.209	14	-0.081	0	0.73	0.17	0.03	0.07	
structure-anchored-vwap	1h	ZECUSD	label:alert:🟢 LONG	16	0.306	4.9	0.94	4	0.351	12	0.291	0	0.94	0.25	0.00	0.00	
structure-anchored-vwap	1h	ZECUSD	label:alert:🔴 SHORT	22	0.153	3.4	0.77	11	0.380	11	-0.075	0	0.77	0.23	0.05	0.05	
structure-anchored-vwap	1h	ZECUSD	label:derived:Structure HL (higher low)	13	-0.174	-2.3	0.62	5	-0.500	8	0.030	0	0.62	0.08	0.00	0.15	
structure-anchored-vwap	1h	ZECUSD	verdict	59	0.082	4.8	0.76	25	0.090	34	0.076	1	0.76	0.17	0.02	0.07	pays as read → nothing to fix; measure in shadow
supertrend-cluster-zeiierman	1h	SAGAUSD	base	73	-0.010	-0.8	0.60	33	0.197	40	-0.182	0	0.60	0.29	0.10	0.19	
supertrend-cluster-zeiierman	1h	SAGAUSD	gross	74	0.114	8.5	0.61	33	0.292	41	-0.029	0	0.61	0.30	0.11	0.19	
supertrend-cluster-zeiierman	1h	SAGAUSD	stop1.5	72	-0.020	-1.5	0.63	32	-0.005	40	-0.033	0	0.63	0.26	0.07	0.13	
supertrend-cluster-zeiierman	1h	SAGAUSD	stop2	71	0.043	3.0	0.68	31	0.081	40	0.012	1	0.68	0.23	0.04	0.04	
supertrend-cluster-zeiierman	1h	SAGAUSD	tp1	76	-0.156	-11.9	0.46	35	-0.053	41	-0.244	0	0.39	0.00	0.00	0.21	
supertrend-cluster-zeiierman	1h	SAGAUSD	levels	73	-0.010	-0.8	0.60	33	0.197	40	-0.182	0	0.60	0.29	0.10	0.19	
supertrend-cluster-zeiierman	1h	SAGAUSD	er0.25	32	0.077	2.4	0.72	18	0.087	14	0.063	1	0.72	0.31	0.03	0.16	
supertrend-cluster-zeiierman	1h	SAGAUSD	confirm1	37	-0.034	-1.3	0.51	18	0.140	19	-0.199	0	0.51	0.32	0.14	0.19	
supertrend-cluster-zeiierman	1h	SAGAUSD	er+stop1.5	32	0.177	5.7	0.78	17	0.081	15	0.286	1	0.78	0.28	0.06	0.06	
supertrend-cluster-zeiierman	1h	SAGAUSD	er+stop2	32	0.206	6.6	0.81	17	0.157	15	0.261	1	0.81	0.19	0.03	0.03	
supertrend-cluster-zeiierman	1h	SAGAUSD	confirm1+er	25	-0.039	-1.0	0.52	13	0.088	12	-0.175	0	0.52	0.32	0.12	0.20	
supertrend-cluster-zeiierman	1h	SAGAUSD	inverted	77	0.080	6.2	0.64	36	0.007	41	0.144	1	0.64	0.30	0.09	0.26	
supertrend-cluster-zeiierman	1h	SAGAUSD	long	41	0.061	2.5	0.61	20	0.235	21	-0.104	0	0.61	0.34	0.12	0.29	
supertrend-cluster-zeiierman	1h	SAGAUSD	short	32	-0.103	-3.3	0.59	13	0.139	19	-0.268	0	0.59	0.22	0.06	0.06	
supertrend-cluster-zeiierman	1h	SAGAUSD	label:alertcondition:Long	22	0.182	4.0	0.64	10	0.600	12	-0.167	0	0.64	0.41	0.18	0.23	
supertrend-cluster-zeiierman	1h	SAGAUSD	label:shape:Base ST Short	13	-0.068	-0.9	0.62	5	0.265	8	-0.276	0	0.62	0.23	0.08	0.00	
supertrend-cluster-zeiierman	1h	SAGAUSD	label:shape:Base ST Long	19	-0.078	-1.5	0.58	10	-0.130	9	-0.020	0	0.58	0.26	0.05	0.37	
supertrend-cluster-zeiierman	1h	SAGAUSD	label:alertcondition:Short	19	-0.126	-2.4	0.58	8	0.060	11	-0.262	0	0.58	0.21	0.05	0.11	
supertrend-cluster-zeiierman	1h	SAGAUSD	verdict	73	-0.010	-0.8	0.60	33	0.197	40	-0.182	0	0.60	0.29	0.10	0.19	WHIPSAW: pays only when the market is moving efficiently → efficiency-ratio gate ≥ 0.25 on this timeframe
supertrend-cluster-zeiierman	1h	PIEVERSEUSD	base	98	0.416	40.7	0.58	58	0.266	40	0.633	1	0.57	0.43	0.26	0.21	
supertrend-cluster-zeiierman	1h	PIEVERSEUSD	gross	109	0.616	67.2	0.57	61	0.352	48	0.951	1	0.56	0.41	0.26	0.20	
supertrend-cluster-zeiierman	1h	PIEVERSEUSD	stop1.5	105	0.291	30.6	0.67	60	0.167	45	0.457	1	0.67	0.37	0.14	0.08	
supertrend-cluster-zeiierman	1h	PIEVERSEUSD	stop2	103	0.395	40.7	0.72	57	0.207	46	0.629	1	0.72	0.35	0.14	0.03	
supertrend-cluster-zeiierman	1h	PIEVERSEUSD	tp1	103	-0.067	-6.9	0.52	61	-0.218	42	0.153	0	0.29	0.00	0.00	0.21	
supertrend-cluster-zeiierman	1h	PIEVERSEUSD	levels	98	0.416	40.7	0.58	58	0.266	40	0.633	1	0.57	0.43	0.26	0.21	
supertrend-cluster-zeiierman	1h	PIEVERSEUSD	er0.25	39	0.113	4.4	0.59	24	-0.034	15	0.347	0	0.59	0.41	0.18	0.28	
supertrend-cluster-zeiierman	1h	PIEVERSEUSD	confirm1	41	0.348	14.3	0.59	19	0.098	22	0.564	1	0.59	0.39	0.27	0.22	
supertrend-cluster-zeiierman	1h	PIEVERSEUSD	er+stop1.5	40	0.181	7.2	0.72	25	0.050	15	0.399	1	0.72	0.33	0.07	0.15	
supertrend-cluster-zeiierman	1h	PIEVERSEUSD	er+stop2	42	0.354	14.9	0.81	25	0.177	17	0.614	1	0.81	0.31	0.07	0.07	
supertrend-cluster-zeiierman	1h	PIEVERSEUSD	confirm1+er	21	0.220	4.6	0.62	10	-0.171	11	0.576	0	0.62	0.38	0.14	0.24	
supertrend-cluster-zeiierman	1h	PIEVERSEUSD	inverted	104	0.144	15.0	0.60	61	0.337	43	-0.129	0	0.59	0.34	0.10	0.19	
supertrend-cluster-zeiierman	1h	PIEVERSEUSD	long	56	0.533	29.8	0.55	33	0.334	23	0.817	1	0.54	0.43	0.27	0.29	
supertrend-cluster-zeiierman	1h	PIEVERSEUSD	short	42	0.260	10.9	0.62	25	0.175	17	0.385	1	0.62	0.43	0.24	0.12	
supertrend-cluster-zeiierman	1h	PIEVERSEUSD	label:shape:Base ST Long	33	0.635	21.0	0.55	20	0.043	13	1.545	1	0.55	0.48	0.30	0.30	
supertrend-cluster-zeiierman	1h	PIEVERSEUSD	label:alertcondition:Long	23	0.386	8.9	0.57	13	0.782	10	-0.130	0	0.52	0.35	0.22	0.26	
supertrend-cluster-zeiierman	1h	PIEVERSEUSD	label:shape:Base ST Short	15	0.555	8.3	0.67	10	0.571	5	0.523	1	0.67	0.47	0.27	0.13	
supertrend-cluster-zeiierman	1h	PIEVERSEUSD	label:alertcondition:Short	27	0.096	2.6	0.59	15	-0.089	12	0.327	0	0.59	0.41	0.22	0.11	
supertrend-cluster-zeiierman	1h	PIEVERSEUSD	verdict	98	0.416	40.7	0.58	58	0.266	40	0.633	1	0.57	0.43	0.26	0.21	pays as read → nothing to fix; measure in shadow
supertrend-cluster-zeiierman	1h	ZECUSD	base	83	0.088	7.3	0.71	38	0.083	45	0.093	1	0.71	0.19	0.05	0.14	
supertrend-cluster-zeiierman	1h	ZECUSD	gross	83	0.168	13.9	0.71	38	0.150	45	0.182	1	0.71	0.19	0.05	0.14	
supertrend-cluster-zeiierman	1h	ZECUSD	stop1.5	77	0.084	6.5	0.74	37	0.030	40	0.134	1	0.74	0.16	0.01	0.06	
supertrend-cluster-zeiierman	1h	ZECUSD	stop2	74	0.126	9.3	0.78	37	0.114	37	0.138	1	0.78	0.08	0.03	0.03	
supertrend-cluster-zeiierman	1h	ZECUSD	tp1	78	0.063	4.9	0.58	38	0.224	40	-0.089	0	0.60	0.00	0.00	0.14	
supertrend-cluster-zeiierman	1h	ZECUSD	levels	83	0.088	7.3	0.71	38	0.083	45	0.093	1	0.71	0.19	0.05	0.14	
supertrend-cluster-zeiierman	1h	ZECUSD	er0.25	59	0.177	10.5	0.76	25	0.176	34	0.179	1	0.76	0.19	0.05	0.15	
supertrend-cluster-zeiierman	1h	ZECUSD	confirm1	39	-0.056	-2.2	0.67	23	-0.114	16	0.028	0	0.67	0.15	0.05	0.13	
supertrend-cluster-zeiierman	1h	ZECUSD	er+stop1.5	53	0.177	9.4	0.79	24	0.128	29	0.218	1	0.79	0.19	0.02	0.06	
supertrend-cluster-zeiierman	1h	ZECUSD	er+stop2	50	0.204	10.2	0.82	24	0.202	26	0.205	1	0.82	0.10	0.04	0.02	
supertrend-cluster-zeiierman	1h	ZECUSD	confirm1+er	31	0.032	1.0	0.71	17	-0.019	14	0.094	0	0.71	0.19	0.06	0.13	
supertrend-cluster-zeiierman	1h	ZECUSD	inverted	81	-0.186	-15.0	0.57	38	-0.378	43	-0.016	0	0.57	0.15	0.01	0.25	
supertrend-cluster-zeiierman	1h	ZECUSD	long	43	-0.013	-0.6	0.58	20	0.019	23	-0.042	0	0.58	0.21	0.07	0.21	
supertrend-cluster-zeiierman	1h	ZECUSD	short	40	0.197	7.9	0.85	18	0.153	22	0.233	1	0.85	0.17	0.03	0.07	
supertrend-cluster-zeiierman	1h	ZECUSD	label:alertcondition:Short	24	0.198	4.8	0.83	10	0.258	14	0.155	1	0.83	0.21	0.04	0.08	
supertrend-cluster-zeiierman	1h	ZECUSD	label:shape:Base ST Short	16	0.196	3.1	0.88	8	0.022	8	0.370	1	0.88	0.13	0.00	0.06	
supertrend-cluster-zeiierman	1h	ZECUSD	label:shape:Base ST Long	20	0.038	0.8	0.55	9	-0.313	11	0.325	0	0.55	0.20	0.05	0.25	
supertrend-cluster-zeiierman	1h	ZECUSD	label:alertcondition:Long	23	-0.058	-1.3	0.61	11	0.291	12	-0.377	0	0.61	0.22	0.09	0.17	
supertrend-cluster-zeiierman	1h	ZECUSD	verdict	83	0.088	7.3	0.71	38	0.083	45	0.093	1	0.71	0.19	0.05	0.14	pays as read → nothing to fix; measure in shadow
