scanner	tf	symbol	mode	trades	avgR	totalR	net	tpExits	trades1	avgR1	trades2	avgR2
abcd-harmonic-projection	15m	DOGEUSD	use	48	-0.062	-3.0	-65.53	9	24	0.085	24	-0.209
abcd-harmonic-projection	15m	DOGEUSD	widen	47	0.061	2.9	41.03	2	24	0.329	23	-0.218
abcd-harmonic-projection	15m	DOGEUSD	ignore	47	0.061	2.9	41.03	2	24	0.329	23	-0.218
abcd-harmonic-projection	15m	ETHUSD	use	37	0.063	2.3	40.78	13	22	0.028	15	0.113
abcd-harmonic-projection	15m	ETHUSD	widen	36	-0.082	-3.0	-62.29	0	22	-0.147	14	0.019
abcd-harmonic-projection	15m	ETHUSD	ignore	36	-0.082	-3.0	-62.29	0	22	-0.147	14	0.019
abcd-harmonic-projection	15m	SOLUSD	use	37	-0.106	-3.9	-82.00	5	21	-0.020	16	-0.219
abcd-harmonic-projection	15m	SOLUSD	widen	35	-0.076	-2.6	-56.83	0	21	-0.065	14	-0.092
abcd-harmonic-projection	15m	SOLUSD	ignore	35	-0.076	-2.6	-56.83	0	21	-0.065	14	-0.092
abcd-harmonic-projection	15m	XRPUSD	use	40	-0.111	-4.4	-91.28	7	18	0.082	22	-0.269
abcd-harmonic-projection	15m	XRPUSD	widen	40	-0.153	-6.1	-121.02	0	18	0.039	22	-0.310
abcd-harmonic-projection	15m	XRPUSD	ignore	40	-0.153	-6.1	-121.02	0	18	0.039	22	-0.310
abcd-harmonic-projection	15m	LINKUSD	use	47	-0.161	-7.6	-147.24	13	27	-0.079	20	-0.271
abcd-harmonic-projection	15m	LINKUSD	widen	44	-0.207	-9.1	-173.86	0	24	0.003	20	-0.459
abcd-harmonic-projection	15m	LINKUSD	ignore	44	-0.207	-9.1	-173.86	0	24	0.003	20	-0.459
abcd-harmonic-projection	15m	BTCUSD	use	22	0.023	0.5	6.63	8	12	0.172	10	-0.156
abcd-harmonic-projection	15m	BTCUSD	widen	22	-0.002	-0.0	-6.08	0	12	0.216	10	-0.264
abcd-harmonic-projection	15m	BTCUSD	ignore	22	-0.002	-0.0	-6.08	0	12	0.216	10	-0.264
abcd-harmonic-projection	1h	SOLUSD	use	38	-0.210	-8.0	-147.13	10	29	-0.178	9	-0.313
abcd-harmonic-projection	1h	SOLUSD	widen	32	-0.197	-6.3	-122.03	0	23	-0.151	9	-0.313
abcd-harmonic-projection	1h	SOLUSD	ignore	32	-0.197	-6.3	-122.03	0	23	-0.151	9	-0.313
abcd-harmonic-projection	1h	ETHUSD	use	38	-0.174	-6.6	-128.84	4	19	-0.239	19	-0.109
abcd-harmonic-projection	1h	ETHUSD	widen	37	-0.180	-6.6	-130.43	0	19	-0.242	18	-0.114
abcd-harmonic-projection	1h	ETHUSD	ignore	37	-0.180	-6.6	-130.43	0	19	-0.242	18	-0.114
abcd-harmonic-projection	1h	XRPUSD	use	26	-0.117	-3.1	-62.90	5	19	-0.003	7	-0.429
abcd-harmonic-projection	1h	XRPUSD	widen	25	-0.070	-1.8	-38.30	0	18	0.059	7	-0.402
abcd-harmonic-projection	1h	XRPUSD	ignore	25	-0.070	-1.8	-38.30	0	18	0.059	7	-0.402
abcd-harmonic-projection	1h	BTCUSD	use	30	-0.340	-10.2	-183.61	6	17	-0.133	13	-0.610
abcd-harmonic-projection	1h	BTCUSD	widen	25	-0.380	-9.5	-173.91	0	14	-0.149	11	-0.673
abcd-harmonic-projection	1h	BTCUSD	ignore	25	-0.380	-9.5	-173.91	0	14	-0.149	11	-0.673
abcd-harmonic-projection	15m	AVAXUSD	use	45	-0.051	-2.3	-57.30	10	21	-0.300	24	0.167
abcd-harmonic-projection	15m	AVAXUSD	widen	44	0.119	5.2	88.95	2	21	-0.304	23	0.506
abcd-harmonic-projection	15m	AVAXUSD	ignore	44	0.119	5.2	88.95	2	21	-0.304	23	0.506
abcd-harmonic-projection	15m	ZECUSD	use	33	0.108	3.5	57.46	7	8	0.061	25	0.123
abcd-harmonic-projection	15m	ZECUSD	widen	30	0.154	4.6	77.24	0	7	0.346	23	0.096
abcd-harmonic-projection	15m	ZECUSD	ignore	30	0.154	4.6	77.24	0	7	0.346	23	0.096
abcd-harmonic-projection	1h	DOGEUSD	use	30	0.077	2.3	34.30	3	21	-0.291	9	0.934
abcd-harmonic-projection	1h	DOGEUSD	widen	30	-0.010	-0.3	-13.09	1	21	-0.310	9	0.691
abcd-harmonic-projection	1h	DOGEUSD	ignore	30	-0.010	-0.3	-13.09	1	21	-0.310	9	0.691
abcd-harmonic-projection	4h	BTCUSD	use	20	-0.198	-4.0	-72.17	3	8	-0.631	12	0.091
abcd-harmonic-projection	4h	BTCUSD	widen	20	-0.259	-5.2	-91.04	0	8	-0.631	12	-0.011
abcd-harmonic-projection	4h	BTCUSD	ignore	20	-0.259	-5.2	-91.04	0	8	-0.631	12	-0.011
abcd-harmonic-projection	4h	ETHUSD	use	28	-0.097	-2.7	-52.78	3	13	-0.056	15	-0.132
abcd-harmonic-projection	4h	ETHUSD	widen	28	-0.140	-3.9	-74.19	0	13	-0.062	15	-0.207
abcd-harmonic-projection	4h	ETHUSD	ignore	28	-0.140	-3.9	-74.19	0	13	-0.062	15	-0.207
abcd-harmonic-projection	1h	LINKUSD	use	38	-0.109	-4.2	-87.75	8	21	-0.104	17	-0.116
abcd-harmonic-projection	1h	LINKUSD	widen	36	-0.054	-1.9	-47.10	0	20	-0.102	16	0.006
abcd-harmonic-projection	1h	LINKUSD	ignore	36	-0.054	-1.9	-47.10	0	20	-0.102	16	0.006
abcd-harmonic-projection	1h	AVAXUSD	use	20	0.097	1.9	35.71	3	10	0.013	10	0.181
abcd-harmonic-projection	1h	AVAXUSD	widen	20	0.072	1.4	25.81	0	10	-0.020	10	0.165
abcd-harmonic-projection	1h	AVAXUSD	ignore	20	0.072	1.4	25.81	0	10	-0.020	10	0.165
abcd-harmonic-projection	1h	ZECUSD	use	35	0.334	11.7	239.71	8	20	0.098	15	0.648
abcd-harmonic-projection	1h	ZECUSD	widen	33	0.413	13.6	281.78	1	20	0.145	13	0.826
abcd-harmonic-projection	1h	ZECUSD	ignore	33	0.413	13.6	281.78	1	20	0.145	13	0.826
abcd-harmonic-projection	4h	SOLUSD	use	24	-0.068	-1.6	-33.45	6	10	0.019	14	-0.130
abcd-harmonic-projection	4h	SOLUSD	widen	24	-0.116	-2.8	-55.98	0	10	0.034	14	-0.224
abcd-harmonic-projection	4h	SOLUSD	ignore	24	-0.116	-2.8	-55.98	0	10	0.034	14	-0.224
abcd-harmonic-projection	4h	XRPUSD	use	28	-0.167	-4.7	-94.60	2	11	-0.283	17	-0.092
abcd-harmonic-projection	4h	XRPUSD	widen	27	-0.258	-7.0	-134.19	0	11	-0.283	16	-0.241
abcd-harmonic-projection	4h	XRPUSD	ignore	27	-0.258	-7.0	-134.19	0	11	-0.283	16	-0.241
abcd-harmonic-projection	4h	DOGEUSD	use	20	-0.198	-4.0	-80.40	1	11	-0.338	9	-0.025
abcd-harmonic-projection	4h	DOGEUSD	widen	18	-0.250	-4.5	-90.40	0	11	-0.338	7	-0.112
abcd-harmonic-projection	4h	DOGEUSD	ignore	18	-0.250	-4.5	-90.40	0	11	-0.338	7	-0.112
abcd-harmonic-projection	4h	LINKUSD	use	34	-0.303	-10.3	-188.19	7	17	-0.390	17	-0.216
abcd-harmonic-projection	4h	LINKUSD	widen	32	-0.306	-9.8	-183.73	0	16	-0.351	16	-0.261
abcd-harmonic-projection	4h	LINKUSD	ignore	32	-0.306	-9.8	-183.73	0	16	-0.351	16	-0.261
abcd-harmonic-projection	4h	AVAXUSD	use	18	0.147	2.6	49.37	3	7	0.310	11	0.044
abcd-harmonic-projection	4h	AVAXUSD	widen	18	0.094	1.7	30.39	0	7	0.224	11	0.012
abcd-harmonic-projection	4h	AVAXUSD	ignore	18	0.094	1.7	30.39	0	7	0.224	11	0.012
abcd-harmonic-projection	4h	ZECUSD	use	39	-0.413	-16.1	-237.64	4	18	-0.187	21	-0.606
abcd-harmonic-projection	4h	ZECUSD	widen	37	-0.420	-15.5	-234.55	1	16	-0.097	21	-0.666
abcd-harmonic-projection	4h	ZECUSD	ignore	37	-0.420	-15.5	-234.55	1	16	-0.097	21	-0.666
adaptive-dual-engine-strategy-momentum-mean-reversion	15m	ETHUSD	use	281	-0.135	-37.9	-540.61	10	147	-0.150	134	-0.118
adaptive-dual-engine-strategy-momentum-mean-reversion	15m	ETHUSD	widen	281	-0.143	-40.3	-562.16	1	147	-0.161	134	-0.124
adaptive-dual-engine-strategy-momentum-mean-reversion	15m	ETHUSD	ignore	281	-0.143	-40.3	-562.16	1	147	-0.161	134	-0.124
adaptive-dual-engine-strategy-momentum-mean-reversion	15m	BTCUSD	use	175	-0.170	-29.8	-450.12	8	108	-0.242	67	-0.054
adaptive-dual-engine-strategy-momentum-mean-reversion	15m	BTCUSD	widen	174	-0.184	-31.9	-472.36	1	108	-0.255	66	-0.067
adaptive-dual-engine-strategy-momentum-mean-reversion	15m	BTCUSD	ignore	174	-0.184	-31.9	-472.36	1	108	-0.255	66	-0.067
adaptive-dual-engine-strategy-momentum-mean-reversion	15m	XRPUSD	use	315	-0.039	-12.2	-252.91	11	135	-0.038	180	-0.039
adaptive-dual-engine-strategy-momentum-mean-reversion	15m	XRPUSD	widen	315	-0.046	-14.5	-287.30	3	135	-0.047	180	-0.045
adaptive-dual-engine-strategy-momentum-mean-reversion	15m	XRPUSD	ignore	315	-0.046	-14.5	-287.30	3	135	-0.047	180	-0.045
adaptive-dual-engine-strategy-momentum-mean-reversion	15m	LINKUSD	use	386	-0.107	-41.4	-584.46	9	171	-0.157	215	-0.068
adaptive-dual-engine-strategy-momentum-mean-reversion	15m	LINKUSD	widen	385	-0.112	-43.0	-597.47	3	171	-0.159	214	-0.073
adaptive-dual-engine-strategy-momentum-mean-reversion	15m	LINKUSD	ignore	385	-0.112	-43.0	-597.47	3	171	-0.159	214	-0.073
adaptive-dual-engine-strategy-momentum-mean-reversion	15m	DOGEUSD	use	328	-0.058	-19.1	-343.84	9	149	-0.062	179	-0.055
adaptive-dual-engine-strategy-momentum-mean-reversion	15m	DOGEUSD	widen	328	-0.065	-21.2	-370.20	1	149	-0.067	179	-0.063
adaptive-dual-engine-strategy-momentum-mean-reversion	15m	DOGEUSD	ignore	328	-0.065	-21.2	-370.20	1	149	-0.067	179	-0.063
adaptive-dual-engine-strategy-momentum-mean-reversion	15m	SOLUSD	use	383	-0.120	-46.0	-606.31	13	178	-0.084	205	-0.151
adaptive-dual-engine-strategy-momentum-mean-reversion	15m	SOLUSD	widen	381	-0.128	-48.8	-627.32	3	177	-0.094	204	-0.158
adaptive-dual-engine-strategy-momentum-mean-reversion	15m	SOLUSD	ignore	381	-0.128	-48.8	-627.32	3	177	-0.094	204	-0.158
adaptive-dual-engine-strategy-momentum-mean-reversion	1h	ETHUSD	use	269	-0.097	-26.0	-428.78	4	126	-0.042	143	-0.145
adaptive-dual-engine-strategy-momentum-mean-reversion	1h	ETHUSD	widen	269	-0.100	-26.8	-439.09	1	126	-0.044	143	-0.148
adaptive-dual-engine-strategy-momentum-mean-reversion	1h	ETHUSD	ignore	269	-0.100	-26.8	-439.09	1	126	-0.044	143	-0.148
adaptive-dual-engine-strategy-momentum-mean-reversion	1h	BTCUSD	use	216	-0.048	-10.4	-215.75	5	95	-0.034	121	-0.059
adaptive-dual-engine-strategy-momentum-mean-reversion	1h	BTCUSD	widen	216	-0.052	-11.3	-225.76	2	95	-0.034	121	-0.066
adaptive-dual-engine-strategy-momentum-mean-reversion	1h	BTCUSD	ignore	216	-0.052	-11.3	-225.76	2	95	-0.034	121	-0.066
adaptive-dual-engine-strategy-momentum-mean-reversion	1h	SOLUSD	use	271	-0.088	-23.7	-386.77	6	119	-0.075	152	-0.097
adaptive-dual-engine-strategy-momentum-mean-reversion	1h	SOLUSD	widen	271	-0.093	-25.1	-397.58	1	119	-0.075	152	-0.106
adaptive-dual-engine-strategy-momentum-mean-reversion	1h	SOLUSD	ignore	271	-0.093	-25.1	-397.58	1	119	-0.075	152	-0.106
adaptive-dual-engine-strategy-momentum-mean-reversion	1h	XRPUSD	use	219	0.042	9.2	145.12	5	99	-0.030	120	0.101
adaptive-dual-engine-strategy-momentum-mean-reversion	1h	XRPUSD	widen	219	0.039	8.6	132.16	3	99	-0.030	120	0.096
adaptive-dual-engine-strategy-momentum-mean-reversion	1h	XRPUSD	ignore	219	0.039	8.6	132.16	3	99	-0.030	120	0.096
adaptive-dual-engine-strategy-momentum-mean-reversion	15m	ZECUSD	use	438	0.004	1.7	-69.12	17	204	-0.006	234	0.013
adaptive-dual-engine-strategy-momentum-mean-reversion	15m	ZECUSD	widen	438	-0.002	-0.7	-91.80	7	204	-0.012	234	0.007
adaptive-dual-engine-strategy-momentum-mean-reversion	15m	ZECUSD	ignore	438	-0.002	-0.7	-91.80	7	204	-0.012	234	0.007
adaptive-dual-engine-strategy-momentum-mean-reversion	15m	AVAXUSD	use	329	-0.086	-28.4	-454.94	17	131	-0.124	198	-0.061
adaptive-dual-engine-strategy-momentum-mean-reversion	15m	AVAXUSD	widen	329	-0.093	-30.5	-477.27	1	131	-0.130	198	-0.068
adaptive-dual-engine-strategy-momentum-mean-reversion	15m	AVAXUSD	ignore	329	-0.093	-30.5	-477.27	1	131	-0.130	198	-0.068
adaptive-dual-engine-strategy-momentum-mean-reversion	1h	DOGEUSD	use	237	-0.076	-18.0	-330.99	2	99	-0.144	138	-0.027
adaptive-dual-engine-strategy-momentum-mean-reversion	1h	DOGEUSD	widen	237	-0.076	-18.0	-330.99	2	99	-0.144	138	-0.027
adaptive-dual-engine-strategy-momentum-mean-reversion	1h	DOGEUSD	ignore	237	-0.076	-18.0	-330.99	2	99	-0.144	138	-0.027
adaptive-dual-engine-strategy-momentum-mean-reversion	1h	LINKUSD	use	307	-0.081	-24.8	-419.80	5	140	-0.094	167	-0.070
adaptive-dual-engine-strategy-momentum-mean-reversion	1h	LINKUSD	widen	307	-0.083	-25.5	-428.63	1	140	-0.092	167	-0.076
adaptive-dual-engine-strategy-momentum-mean-reversion	1h	LINKUSD	ignore	307	-0.083	-25.5	-428.63	1	140	-0.092	167	-0.076
adaptive-dual-engine-strategy-momentum-mean-reversion	4h	ETHUSD	use	166	-0.059	-9.9	-199.37	0	68	0.068	98	-0.148
adaptive-dual-engine-strategy-momentum-mean-reversion	4h	ETHUSD	widen	166	-0.059	-9.9	-199.37	0	68	0.068	98	-0.148
adaptive-dual-engine-strategy-momentum-mean-reversion	4h	ETHUSD	ignore	166	-0.059	-9.9	-199.37	0	68	0.068	98	-0.148
adaptive-dual-engine-strategy-momentum-mean-reversion	1h	AVAXUSD	use	237	-0.008	-1.9	-76.56	4	97	-0.038	140	0.013
adaptive-dual-engine-strategy-momentum-mean-reversion	1h	AVAXUSD	widen	237	-0.012	-2.7	-91.74	1	97	-0.038	140	0.007
adaptive-dual-engine-strategy-momentum-mean-reversion	1h	AVAXUSD	ignore	237	-0.012	-2.7	-91.74	1	97	-0.038	140	0.007
adaptive-dual-engine-strategy-momentum-mean-reversion	4h	BTCUSD	use	168	-0.113	-19.0	-328.53	6	76	-0.058	92	-0.159
adaptive-dual-engine-strategy-momentum-mean-reversion	4h	BTCUSD	widen	168	-0.120	-20.2	-345.81	2	76	-0.066	92	-0.165
adaptive-dual-engine-strategy-momentum-mean-reversion	4h	BTCUSD	ignore	168	-0.120	-20.2	-345.81	2	76	-0.066	92	-0.165
adaptive-dual-engine-strategy-momentum-mean-reversion	1h	ZECUSD	use	271	-0.040	-11.0	-236.38	8	122	0.023	149	-0.092
adaptive-dual-engine-strategy-momentum-mean-reversion	1h	ZECUSD	widen	271	-0.047	-12.7	-255.19	2	122	0.019	149	-0.100
adaptive-dual-engine-strategy-momentum-mean-reversion	1h	ZECUSD	ignore	271	-0.047	-12.7	-255.19	2	122	0.019	149	-0.100
adaptive-dual-engine-strategy-momentum-mean-reversion	4h	SOLUSD	use	190	-0.025	-4.7	-112.01	4	72	0.072	118	-0.084
adaptive-dual-engine-strategy-momentum-mean-reversion	4h	SOLUSD	widen	190	-0.028	-5.3	-121.85	2	72	0.072	118	-0.089
adaptive-dual-engine-strategy-momentum-mean-reversion	4h	SOLUSD	ignore	190	-0.028	-5.3	-121.85	2	72	0.072	118	-0.089
adaptive-dual-engine-strategy-momentum-mean-reversion	4h	XRPUSD	use	162	0.026	4.3	45.90	4	72	0.116	90	-0.045
adaptive-dual-engine-strategy-momentum-mean-reversion	4h	XRPUSD	widen	162	0.023	3.7	34.03	2	72	0.116	90	-0.052
adaptive-dual-engine-strategy-momentum-mean-reversion	4h	XRPUSD	ignore	162	0.023	3.7	34.03	2	72	0.116	90	-0.052
adaptive-dual-engine-strategy-momentum-mean-reversion	4h	DOGEUSD	use	169	-0.064	-10.8	-219.46	2	72	0.107	97	-0.190
adaptive-dual-engine-strategy-momentum-mean-reversion	4h	DOGEUSD	widen	169	-0.065	-11.0	-224.10	1	72	0.107	97	-0.193
adaptive-dual-engine-strategy-momentum-mean-reversion	4h	DOGEUSD	ignore	169	-0.065	-11.0	-224.10	1	72	0.107	97	-0.193
adaptive-dual-engine-strategy-momentum-mean-reversion	4h	LINKUSD	use	163	-0.062	-10.2	-210.91	3	71	0.055	92	-0.153
adaptive-dual-engine-strategy-momentum-mean-reversion	4h	LINKUSD	widen	163	-0.066	-10.8	-218.46	1	71	0.055	92	-0.159
adaptive-dual-engine-strategy-momentum-mean-reversion	4h	LINKUSD	ignore	163	-0.066	-10.8	-218.46	1	71	0.055	92	-0.159
adaptive-dual-engine-strategy-momentum-mean-reversion	4h	AVAXUSD	use	146	-0.085	-12.5	-244.16	2	72	0.097	74	-0.263
adaptive-dual-engine-strategy-momentum-mean-reversion	4h	AVAXUSD	widen	146	-0.087	-12.8	-251.25	1	72	0.093	74	-0.263
adaptive-dual-engine-strategy-momentum-mean-reversion	4h	AVAXUSD	ignore	146	-0.087	-12.8	-251.25	1	72	0.093	74	-0.263
adaptive-dual-engine-strategy-momentum-mean-reversion	4h	ZECUSD	use	206	0.113	23.2	507.71	6	78	0.192	128	0.064
adaptive-dual-engine-strategy-momentum-mean-reversion	4h	ZECUSD	widen	206	0.108	22.3	472.48	3	78	0.188	128	0.060
adaptive-dual-engine-strategy-momentum-mean-reversion	4h	ZECUSD	ignore	206	0.108	22.3	472.48	3	78	0.188	128	0.060
breakout-pattern-setup	15m	ETHUSD	use	26	-0.029	-0.8	-17.77	4	14	-0.313	12	0.302
breakout-pattern-setup	15m	ETHUSD	widen	26	-0.057	-1.5	-31.07	4	14	-0.356	12	0.291
breakout-pattern-setup	15m	ETHUSD	ignore	26	-0.057	-1.5	-31.07	4	14	-0.356	12	0.291
breakout-pattern-setup	15m	BTCUSD	use	21	0.124	2.6	47.96	6	10	0.314	11	-0.049
breakout-pattern-setup	15m	BTCUSD	widen	21	0.116	2.4	44.97	6	10	0.312	11	-0.063
breakout-pattern-setup	15m	BTCUSD	ignore	21	0.116	2.4	44.97	6	10	0.312	11	-0.063
breakout-pattern-setup	15m	SOLUSD	use	27	0.045	1.2	12.36	7	13	0.285	14	-0.178
breakout-pattern-setup	15m	SOLUSD	widen	27	0.039	1.0	9.92	7	13	0.263	14	-0.169
breakout-pattern-setup	15m	SOLUSD	ignore	27	0.039	1.0	9.92	7	13	0.263	14	-0.169
breakout-pattern-setup	15m	XRPUSD	use	24	-0.119	-2.9	-58.54	3	10	-0.196	14	-0.064
breakout-pattern-setup	15m	XRPUSD	widen	24	-0.120	-2.9	-58.93	3	10	-0.191	14	-0.069
breakout-pattern-setup	15m	XRPUSD	ignore	24	-0.120	-2.9	-58.93	3	10	-0.191	14	-0.069
breakout-pattern-setup	15m	DOGEUSD	use	30	0.192	5.8	113.61	8	19	0.231	11	0.124
breakout-pattern-setup	15m	DOGEUSD	widen	30	0.181	5.4	106.43	7	19	0.269	11	0.029
breakout-pattern-setup	15m	DOGEUSD	ignore	30	0.181	5.4	106.43	7	19	0.269	11	0.029
breakout-pattern-setup	15m	LINKUSD	use	30	-0.081	-2.4	-53.94	6	20	-0.126	10	0.008
breakout-pattern-setup	15m	LINKUSD	widen	30	-0.079	-2.4	-51.56	5	20	-0.118	10	-0.000
breakout-pattern-setup	15m	LINKUSD	ignore	30	-0.079	-2.4	-51.56	5	20	-0.118	10	-0.000
breakout-pattern-setup	1h	ETHUSD	use	22	-0.148	-3.3	-66.73	3	10	-0.143	12	-0.152
breakout-pattern-setup	1h	ETHUSD	widen	22	-0.154	-3.4	-69.03	3	10	-0.147	12	-0.160
breakout-pattern-setup	1h	ETHUSD	ignore	22	-0.154	-3.4	-69.03	3	10	-0.147	12	-0.160
breakout-pattern-setup	1h	BTCUSD	use	22	0.338	7.4	149.79	4	9	0.201	13	0.433
breakout-pattern-setup	1h	BTCUSD	widen	22	0.337	7.4	149.58	4	9	0.203	13	0.430
breakout-pattern-setup	1h	BTCUSD	ignore	22	0.323	7.1	143.11	4	9	0.203	13	0.406
breakout-pattern-setup	15m	AVAXUSD	use	30	-0.195	-5.8	-113.02	6	9	0.029	21	-0.291
breakout-pattern-setup	15m	AVAXUSD	widen	30	-0.133	-4.0	-80.34	5	9	0.159	21	-0.258
breakout-pattern-setup	15m	AVAXUSD	ignore	30	-0.133	-4.0	-80.34	5	9	0.159	21	-0.258
breakout-pattern-setup	15m	ZECUSD	use	31	-0.036	-1.1	-17.46	3	13	-0.043	18	-0.031
breakout-pattern-setup	15m	ZECUSD	widen	31	-0.045	-1.4	-22.25	3	13	-0.033	18	-0.053
breakout-pattern-setup	15m	ZECUSD	ignore	31	-0.045	-1.4	-22.25	3	13	-0.033	18	-0.053
breakout-pattern-setup	1h	SOLUSD	use	23	-0.334	-7.7	-140.20	2	13	-0.201	10	-0.507
breakout-pattern-setup	1h	SOLUSD	widen	23	-0.353	-8.1	-146.31	1	13	-0.235	10	-0.507
breakout-pattern-setup	1h	SOLUSD	ignore	23	-0.353	-8.1	-146.31	1	13	-0.235	10	-0.507
breakout-pattern-setup	1h	XRPUSD	use	18	0.093	1.7	31.84	3	9	0.010	9	0.175
breakout-pattern-setup	1h	XRPUSD	widen	18	0.106	1.9	36.83	3	9	0.015	9	0.198
breakout-pattern-setup	1h	XRPUSD	ignore	18	0.106	1.9	36.83	3	9	0.015	9	0.198
breakout-pattern-setup	1h	DOGEUSD	use	25	0.119	3.0	56.37	5	12	0.197	13	0.047
breakout-pattern-setup	1h	DOGEUSD	widen	25	0.130	3.3	62.57	4	12	0.176	13	0.088
breakout-pattern-setup	1h	DOGEUSD	ignore	25	0.130	3.3	62.57	4	12	0.176	13	0.088
breakout-pattern-setup	1h	LINKUSD	use	22	-0.053	-1.2	-25.46	3	9	-0.129	13	0.001
breakout-pattern-setup	1h	LINKUSD	widen	22	-0.090	-2.0	-40.90	2	9	-0.129	13	-0.063
breakout-pattern-setup	1h	LINKUSD	ignore	22	-0.090	-2.0	-40.90	2	9	-0.129	13	-0.063
breakout-pattern-setup	4h	ETHUSD	use	8	-0.017	-0.1	-4.71	0	5	0.092	3	-0.201
breakout-pattern-setup	4h	ETHUSD	widen	8	-0.017	-0.1	-4.71	0	5	0.092	3	-0.201
breakout-pattern-setup	4h	ETHUSD	ignore	8	-0.017	-0.1	-4.71	0	5	0.092	3	-0.201
breakout-pattern-setup	1h	AVAXUSD	use	19	-0.582	-11.1	-199.41	0	8	-0.530	11	-0.619
breakout-pattern-setup	1h	AVAXUSD	widen	19	-0.582	-11.1	-199.41	0	8	-0.530	11	-0.619
breakout-pattern-setup	1h	AVAXUSD	ignore	19	-0.582	-11.1	-199.41	0	8	-0.530	11	-0.619
breakout-pattern-setup	1h	ZECUSD	use	26	0.219	5.7	99.20	3	11	0.221	15	0.217
breakout-pattern-setup	1h	ZECUSD	widen	26	0.235	6.1	104.74	3	11	0.262	15	0.215
breakout-pattern-setup	1h	ZECUSD	ignore	26	0.235	6.1	104.74	3	11	0.262	15	0.215
breakout-pattern-setup	4h	BTCUSD	use	16	0.206	3.3	46.98	5	7	0.009	9	0.358
breakout-pattern-setup	4h	BTCUSD	widen	16	0.190	3.0	42.44	4	7	0.014	9	0.326
breakout-pattern-setup	4h	BTCUSD	ignore	16	0.190	3.0	42.44	4	7	0.014	9	0.326
breakout-pattern-setup	4h	SOLUSD	use	16	-0.035	-0.6	-15.89	3	6	0.073	10	-0.101
breakout-pattern-setup	4h	SOLUSD	widen	16	-0.033	-0.5	-15.07	3	6	0.065	10	-0.091
breakout-pattern-setup	4h	SOLUSD	ignore	16	-0.033	-0.5	-15.07	3	6	0.065	10	-0.091
breakout-pattern-setup	4h	XRPUSD	use	17	-0.234	-4.0	-79.83	1	10	-0.512	7	0.163
breakout-pattern-setup	4h	XRPUSD	widen	16	-0.249	-4.0	-80.42	1	9	-0.671	7	0.294
breakout-pattern-setup	4h	XRPUSD	ignore	16	-0.249	-4.0	-80.42	1	9	-0.671	7	0.294
breakout-pattern-setup	4h	DOGEUSD	use	11	0.363	4.0	82.57	2	7	0.010	4	0.982
breakout-pattern-setup	4h	DOGEUSD	widen	10	0.464	4.6	95.47	2	6	0.023	4	1.125
breakout-pattern-setup	4h	DOGEUSD	ignore	10	0.464	4.6	95.47	2	6	0.023	4	1.125
breakout-pattern-setup	4h	LINKUSD	use	18	0.184	3.3	65.04	4	8	0.295	10	0.095
breakout-pattern-setup	4h	LINKUSD	widen	18	0.184	3.3	65.15	4	8	0.309	10	0.085
breakout-pattern-setup	4h	LINKUSD	ignore	18	0.184	3.3	65.15	4	8	0.309	10	0.085
breakout-pattern-setup	4h	ZECUSD	use	12	0.410	4.9	83.47	2	6	0.685	6	0.136
breakout-pattern-setup	4h	ZECUSD	widen	10	0.365	3.6	62.16	1	5	0.778	5	-0.048
breakout-pattern-setup	4h	ZECUSD	ignore	10	0.365	3.6	62.16	1	5	0.778	5	-0.048
breakout-pattern-setup	4h	AVAXUSD	use	17	-0.462	-7.9	-146.77	0	7	-0.322	10	-0.560
breakout-pattern-setup	4h	AVAXUSD	widen	17	-0.462	-7.9	-146.77	0	7	-0.322	10	-0.560
breakout-pattern-setup	4h	AVAXUSD	ignore	17	-0.462	-7.9	-146.77	0	7	-0.322	10	-0.560
mirage-liquidity-sweep-pro	15m	SOLUSD	use	25	0.017	0.4	2.77	0	8	-0.215	17	0.127
mirage-liquidity-sweep-pro	15m	SOLUSD	widen	25	0.017	0.4	2.77	0	8	-0.215	17	0.127
mirage-liquidity-sweep-pro	15m	SOLUSD	ignore	25	0.017	0.4	2.77	0	8	-0.215	17	0.127
mirage-liquidity-sweep-pro	15m	XRPUSD	use	19	-0.411	-7.8	-147.02	0	9	-0.619	10	-0.224
mirage-liquidity-sweep-pro	15m	XRPUSD	widen	19	-0.411	-7.8	-147.02	0	9	-0.619	10	-0.224
mirage-liquidity-sweep-pro	15m	XRPUSD	ignore	19	-0.411	-7.8	-147.02	0	9	-0.619	10	-0.224
mirage-liquidity-sweep-pro	15m	ETHUSD	use	24	-0.121	-2.9	-59.83	0	12	-0.210	12	-0.031
mirage-liquidity-sweep-pro	15m	ETHUSD	widen	24	-0.121	-2.9	-59.83	0	12	-0.210	12	-0.031
mirage-liquidity-sweep-pro	15m	ETHUSD	ignore	24	-0.121	-2.9	-59.83	0	12	-0.210	12	-0.031
mirage-liquidity-sweep-pro	15m	LINKUSD	use	17	-0.079	-1.3	-29.26	0	5	0.212	12	-0.200
mirage-liquidity-sweep-pro	15m	LINKUSD	widen	17	-0.079	-1.3	-29.26	0	5	0.212	12	-0.200
mirage-liquidity-sweep-pro	15m	LINKUSD	ignore	17	-0.079	-1.3	-29.26	0	5	0.212	12	-0.200
mirage-liquidity-sweep-pro	15m	DOGEUSD	use	9	-0.129	-1.2	-24.77	0	6	-0.364	3	0.342
mirage-liquidity-sweep-pro	15m	DOGEUSD	widen	9	-0.129	-1.2	-24.77	0	6	-0.364	3	0.342
mirage-liquidity-sweep-pro	15m	DOGEUSD	ignore	9	-0.129	-1.2	-24.77	0	6	-0.364	3	0.342
mirage-liquidity-sweep-pro	15m	BTCUSD	use	8	-0.101	-0.8	-16.86	0	2	-0.219	6	-0.062
mirage-liquidity-sweep-pro	15m	BTCUSD	widen	8	-0.101	-0.8	-16.86	0	2	-0.219	6	-0.062
mirage-liquidity-sweep-pro	15m	BTCUSD	ignore	8	-0.101	-0.8	-16.86	0	2	-0.219	6	-0.062
mirage-liquidity-sweep-pro	1h	XRPUSD	use	9	0.051	0.5	7.37	0	5	0.009	4	0.103
mirage-liquidity-sweep-pro	1h	XRPUSD	widen	9	0.051	0.5	7.37	0	5	0.009	4	0.103
mirage-liquidity-sweep-pro	1h	XRPUSD	ignore	9	0.051	0.5	7.37	0	5	0.009	4	0.103
mirage-liquidity-sweep-pro	1h	BTCUSD	use	14	-0.323	-4.5	-86.15	0	5	-0.624	9	-0.156
mirage-liquidity-sweep-pro	1h	BTCUSD	widen	14	-0.323	-4.5	-86.15	0	5	-0.624	9	-0.156
mirage-liquidity-sweep-pro	1h	BTCUSD	ignore	14	-0.323	-4.5	-86.15	0	5	-0.624	9	-0.156
mirage-liquidity-sweep-pro	1h	ETHUSD	use	16	-0.127	-2.0	-41.85	0	9	-0.067	7	-0.204
mirage-liquidity-sweep-pro	1h	ETHUSD	widen	16	-0.127	-2.0	-41.85	0	9	-0.067	7	-0.204
mirage-liquidity-sweep-pro	1h	ETHUSD	ignore	16	-0.127	-2.0	-41.85	0	9	-0.067	7	-0.204
mirage-liquidity-sweep-pro	15m	AVAXUSD	use	14	0.279	3.9	74.61	1	8	-0.113	6	0.802
mirage-liquidity-sweep-pro	15m	AVAXUSD	widen	14	0.279	3.9	74.61	1	8	-0.113	6	0.802
mirage-liquidity-sweep-pro	15m	AVAXUSD	ignore	14	0.279	3.9	74.61	1	8	-0.113	6	0.802
mirage-liquidity-sweep-pro	15m	ZECUSD	use	20	-0.521	-10.4	-184.63	0	9	-0.411	11	-0.612
mirage-liquidity-sweep-pro	15m	ZECUSD	widen	20	-0.521	-10.4	-184.63	0	9	-0.411	11	-0.612
mirage-liquidity-sweep-pro	15m	ZECUSD	ignore	20	-0.521	-10.4	-184.63	0	9	-0.411	11	-0.612
mirage-liquidity-sweep-pro	4h	BTCUSD	use	8	0.084	0.7	11.18	0	2	-0.279	6	0.206
mirage-liquidity-sweep-pro	4h	BTCUSD	widen	8	0.084	0.7	11.18	0	2	-0.279	6	0.206
mirage-liquidity-sweep-pro	4h	BTCUSD	ignore	8	0.084	0.7	11.18	0	2	-0.279	6	0.206
mirage-liquidity-sweep-pro	1h	DOGEUSD	use	20	0.377	7.5	150.13	2	8	-0.033	12	0.650
mirage-liquidity-sweep-pro	1h	DOGEUSD	widen	20	0.323	6.5	126.64	1	8	-0.033	12	0.561
mirage-liquidity-sweep-pro	1h	DOGEUSD	ignore	20	0.323	6.5	126.64	1	8	-0.033	12	0.561
mirage-liquidity-sweep-pro	1h	LINKUSD	use	11	0.039	0.4	6.60	0	7	0.099	4	-0.066
mirage-liquidity-sweep-pro	1h	LINKUSD	widen	11	0.039	0.4	6.60	0	7	0.099	4	-0.066
mirage-liquidity-sweep-pro	1h	LINKUSD	ignore	11	0.039	0.4	6.60	0	7	0.099	4	-0.066
mirage-liquidity-sweep-pro	1h	AVAXUSD	use	17	-0.344	-5.9	-112.40	0	7	-0.242	10	-0.416
mirage-liquidity-sweep-pro	1h	AVAXUSD	widen	17	-0.344	-5.9	-112.40	0	7	-0.242	10	-0.416
mirage-liquidity-sweep-pro	1h	AVAXUSD	ignore	17	-0.344	-5.9	-112.40	0	7	-0.242	10	-0.416
mirage-liquidity-sweep-pro	4h	XRPUSD	use	6	0.425	2.5	49.86	1	3	1.370	3	-0.520
mirage-liquidity-sweep-pro	4h	XRPUSD	widen	6	0.368	2.2	42.94	0	3	1.256	3	-0.520
mirage-liquidity-sweep-pro	4h	XRPUSD	ignore	6	0.368	2.2	42.94	0	3	1.256	3	-0.520
mirage-liquidity-sweep-pro	1h	ZECUSD	use	11	0.038	0.4	0.66	0	5	-0.426	6	0.424
mirage-liquidity-sweep-pro	1h	ZECUSD	widen	11	0.038	0.4	0.66	0	5	-0.426	6	0.424
mirage-liquidity-sweep-pro	1h	ZECUSD	ignore	11	0.038	0.4	0.66	0	5	-0.426	6	0.424
mirage-liquidity-sweep-pro	4h	LINKUSD	use	11	-0.294	-3.2	-64.03	0	5	0.270	6	-0.764
mirage-liquidity-sweep-pro	4h	LINKUSD	widen	11	-0.294	-3.2	-64.03	0	5	0.270	6	-0.764
mirage-liquidity-sweep-pro	4h	LINKUSD	ignore	11	-0.294	-3.2	-64.03	0	5	0.270	6	-0.764
mirage-liquidity-sweep-pro	4h	AVAXUSD	use	7	0.054	0.4	5.95	0	4	0.133	3	-0.052
mirage-liquidity-sweep-pro	4h	AVAXUSD	widen	7	0.054	0.4	5.95	0	4	0.133	3	-0.052
mirage-liquidity-sweep-pro	4h	AVAXUSD	ignore	7	0.054	0.4	5.95	0	4	0.133	3	-0.052
pulse-trend-radar	15m	ETHUSD	use	57	-0.299	-17.0	-294.01	2	23	-0.408	34	-0.225
pulse-trend-radar	15m	ETHUSD	widen	57	-0.325	-18.5	-313.74	0	23	-0.408	34	-0.269
pulse-trend-radar	15m	ETHUSD	ignore	57	-0.325	-18.5	-313.74	0	23	-0.408	34	-0.269
pulse-trend-radar	15m	BTCUSD	use	41	0.049	2.0	34.37	4	18	0.148	23	-0.028
pulse-trend-radar	15m	BTCUSD	widen	41	0.144	5.9	107.01	2	18	0.246	23	0.064
pulse-trend-radar	15m	BTCUSD	ignore	41	0.144	5.9	107.01	2	18	0.246	23	0.064
pulse-trend-radar	15m	SOLUSD	use	46	-0.185	-8.5	-157.36	1	23	-0.281	23	-0.088
pulse-trend-radar	15m	SOLUSD	widen	46	-0.193	-8.9	-163.98	0	23	-0.281	23	-0.105
pulse-trend-radar	15m	SOLUSD	ignore	46	-0.193	-8.9	-163.98	0	23	-0.281	23	-0.105
pulse-trend-radar	15m	XRPUSD	use	58	-0.297	-17.2	-299.30	2	30	-0.301	28	-0.292
pulse-trend-radar	15m	XRPUSD	widen	58	-0.269	-15.6	-278.56	1	30	-0.248	28	-0.292
pulse-trend-radar	15m	XRPUSD	ignore	58	-0.269	-15.6	-278.56	1	30	-0.248	28	-0.292
pulse-trend-radar	15m	DOGEUSD	use	60	-0.163	-9.8	-185.88	2	31	-0.105	29	-0.225
pulse-trend-radar	15m	DOGEUSD	widen	60	-0.181	-10.9	-202.77	0	31	-0.140	29	-0.225
pulse-trend-radar	15m	DOGEUSD	ignore	60	-0.181	-10.9	-202.77	0	31	-0.140	29	-0.225
pulse-trend-radar	15m	LINKUSD	use	51	-0.078	-4.0	-86.04	3	27	-0.269	24	0.137
pulse-trend-radar	15m	LINKUSD	widen	51	-0.038	-2.0	-51.96	1	27	-0.169	24	0.108
pulse-trend-radar	15m	LINKUSD	ignore	51	-0.038	-2.0	-51.96	1	27	-0.169	24	0.108
pulse-trend-radar	15m	AVAXUSD	use	67	-0.287	-19.3	-326.69	2	34	-0.217	33	-0.360
pulse-trend-radar	15m	AVAXUSD	widen	67	-0.295	-19.8	-332.93	0	34	-0.232	33	-0.360
pulse-trend-radar	15m	AVAXUSD	ignore	67	-0.295	-19.8	-332.93	0	34	-0.232	33	-0.360
pulse-trend-radar	1h	ETHUSD	use	52	-0.074	-3.8	-85.61	5	25	0.260	27	-0.383
pulse-trend-radar	1h	ETHUSD	widen	52	-0.108	-5.6	-116.36	0	25	0.221	27	-0.412
pulse-trend-radar	1h	ETHUSD	ignore	52	-0.108	-5.6	-116.36	0	25	0.221	27	-0.412
pulse-trend-radar	15m	ZECUSD	use	58	-0.003	-0.2	-22.94	4	31	-0.274	27	0.308
pulse-trend-radar	15m	ZECUSD	widen	58	0.007	0.4	-7.99	1	31	-0.220	27	0.267
pulse-trend-radar	15m	ZECUSD	ignore	58	0.007	0.4	-7.99	1	31	-0.220	27	0.267
pulse-trend-radar	1h	BTCUSD	use	47	-0.132	-6.2	-122.84	3	24	0.049	23	-0.322
pulse-trend-radar	1h	BTCUSD	widen	47	-0.097	-4.6	-92.28	1	24	0.131	23	-0.335
pulse-trend-radar	1h	BTCUSD	ignore	47	-0.097	-4.6	-92.28	1	24	0.131	23	-0.335
pulse-trend-radar	1h	SOLUSD	use	49	0.004	0.2	-17.35	2	23	-0.040	26	0.043
pulse-trend-radar	1h	SOLUSD	widen	49	0.046	2.3	19.07	1	23	-0.040	26	0.122
pulse-trend-radar	1h	SOLUSD	ignore	49	0.046	2.3	19.07	1	23	-0.040	26	0.122
pulse-trend-radar	1h	XRPUSD	use	46	-0.066	-3.1	-72.30	5	18	0.036	28	-0.132
pulse-trend-radar	1h	XRPUSD	widen	46	-0.054	-2.5	-63.77	1	18	0.001	28	-0.089
pulse-trend-radar	1h	XRPUSD	ignore	46	-0.054	-2.5	-63.77	1	18	0.001	28	-0.089
pulse-trend-radar	1h	LINKUSD	use	58	-0.046	-2.7	-64.06	3	32	-0.046	26	-0.045
pulse-trend-radar	1h	LINKUSD	widen	58	-0.077	-4.5	-96.54	0	32	-0.075	26	-0.080
pulse-trend-radar	1h	LINKUSD	ignore	58	-0.077	-4.5	-96.54	0	32	-0.075	26	-0.080
pulse-trend-radar	4h	ETHUSD	use	34	-0.088	-3.0	-64.04	3	20	-0.059	14	-0.129
pulse-trend-radar	4h	ETHUSD	widen	34	-0.133	-4.5	-91.76	0	20	-0.139	14	-0.124
pulse-trend-radar	4h	ETHUSD	ignore	34	-0.133	-4.5	-91.76	0	20	-0.139	14	-0.124
pulse-trend-radar	1h	AVAXUSD	use	55	-0.138	-7.6	-152.21	4	25	-0.172	30	-0.110
pulse-trend-radar	1h	AVAXUSD	widen	55	-0.140	-7.7	-154.73	1	25	-0.102	30	-0.172
pulse-trend-radar	1h	AVAXUSD	ignore	55	-0.140	-7.7	-154.73	1	25	-0.102	30	-0.172
pulse-trend-radar	1h	ZECUSD	use	51	-0.160	-8.2	-151.86	2	27	-0.130	24	-0.194
pulse-trend-radar	1h	ZECUSD	widen	51	-0.105	-5.3	-106.97	1	27	-0.132	24	-0.074
pulse-trend-radar	1h	ZECUSD	ignore	51	-0.105	-5.3	-106.97	1	27	-0.132	24	-0.074
pulse-trend-radar	4h	BTCUSD	use	35	-0.250	-8.8	-148.08	1	21	-0.250	14	-0.250
pulse-trend-radar	4h	BTCUSD	widen	35	-0.242	-8.5	-143.19	0	21	-0.250	14	-0.229
pulse-trend-radar	4h	BTCUSD	ignore	35	-0.242	-8.5	-143.19	0	21	-0.250	14	-0.229
pulse-trend-radar	1h	DOGEUSD	use	50	-0.196	-9.8	-187.63	3	24	-0.287	26	-0.113
pulse-trend-radar	1h	DOGEUSD	widen	50	-0.242	-12.1	-222.04	0	24	-0.323	26	-0.167
pulse-trend-radar	1h	DOGEUSD	ignore	50	-0.242	-12.1	-222.04	0	24	-0.323	26	-0.167
pulse-trend-radar	4h	SOLUSD	use	34	-0.209	-7.1	-109.22	0	16	-0.286	18	-0.140
pulse-trend-radar	4h	SOLUSD	widen	34	-0.209	-7.1	-109.22	0	16	-0.286	18	-0.140
pulse-trend-radar	4h	SOLUSD	ignore	34	-0.209	-7.1	-109.22	0	16	-0.286	18	-0.140
pulse-trend-radar	4h	DOGEUSD	use	36	-0.224	-8.1	-150.55	0	17	-0.046	19	-0.384
pulse-trend-radar	4h	DOGEUSD	widen	36	-0.224	-8.1	-150.55	0	17	-0.046	19	-0.384
pulse-trend-radar	4h	DOGEUSD	ignore	36	-0.224	-8.1	-150.55	0	17	-0.046	19	-0.384
pulse-trend-radar	4h	XRPUSD	use	32	0.125	4.0	74.09	2	17	0.039	15	0.223
pulse-trend-radar	4h	XRPUSD	widen	32	0.181	5.8	109.45	1	17	-0.019	15	0.408
pulse-trend-radar	4h	XRPUSD	ignore	32	0.181	5.8	109.45	1	17	-0.019	15	0.408
pulse-trend-radar	4h	LINKUSD	use	40	-0.181	-7.2	-137.59	1	20	-0.425	20	0.063
pulse-trend-radar	4h	LINKUSD	widen	40	-0.205	-8.2	-153.13	0	20	-0.425	20	0.015
pulse-trend-radar	4h	LINKUSD	ignore	40	-0.205	-8.2	-153.13	0	20	-0.425	20	0.015
pulse-trend-radar	4h	AVAXUSD	use	36	0.076	2.7	44.63	2	18	0.244	18	-0.092
pulse-trend-radar	4h	AVAXUSD	widen	36	0.142	5.1	92.11	1	18	0.216	18	0.068
pulse-trend-radar	4h	AVAXUSD	ignore	36	0.142	5.1	92.11	1	18	0.216	18	0.068
pulse-trend-radar	4h	ZECUSD	use	37	-0.025	-0.9	-8.14	2	18	0.096	19	-0.141
pulse-trend-radar	4h	ZECUSD	widen	34	-0.118	-4.0	-59.90	0	16	0.056	18	-0.273
pulse-trend-radar	4h	ZECUSD	ignore	34	-0.118	-4.0	-59.90	0	16	0.056	18	-0.273
stealthtrail-supertrend	15m	ETHUSD	use	93	-0.120	-11.1	-208.89	3	45	-0.233	48	-0.013
stealthtrail-supertrend	15m	ETHUSD	widen	93	-0.135	-12.6	-231.65	0	45	-0.233	48	-0.044
stealthtrail-supertrend	15m	ETHUSD	ignore	93	-0.135	-12.6	-231.65	0	45	-0.233	48	-0.044
stealthtrail-supertrend	15m	BTCUSD	use	82	-0.168	-13.8	-245.96	3	43	-0.186	39	-0.149
stealthtrail-supertrend	15m	BTCUSD	widen	82	-0.142	-11.7	-215.67	1	43	-0.124	39	-0.163
stealthtrail-supertrend	15m	BTCUSD	ignore	82	-0.142	-11.7	-215.67	1	43	-0.124	39	-0.163
stealthtrail-supertrend	15m	SOLUSD	use	105	-0.144	-15.1	-257.65	5	45	-0.137	60	-0.150
stealthtrail-supertrend	15m	SOLUSD	widen	105	-0.130	-13.7	-248.82	1	45	-0.124	60	-0.135
stealthtrail-supertrend	15m	SOLUSD	ignore	105	-0.130	-13.7	-248.82	1	45	-0.124	60	-0.135
stealthtrail-supertrend	15m	XRPUSD	use	113	-0.088	-10.0	-197.42	6	55	-0.176	58	-0.005
stealthtrail-supertrend	15m	XRPUSD	widen	112	-0.086	-9.6	-193.85	1	54	-0.153	58	-0.024
stealthtrail-supertrend	15m	XRPUSD	ignore	112	-0.086	-9.6	-193.85	1	54	-0.153	58	-0.024
stealthtrail-supertrend	15m	DOGEUSD	use	115	-0.110	-12.7	-236.21	4	55	-0.225	60	-0.005
stealthtrail-supertrend	15m	DOGEUSD	widen	114	-0.135	-15.4	-275.71	0	54	-0.249	60	-0.033
stealthtrail-supertrend	15m	DOGEUSD	ignore	114	-0.135	-15.4	-275.71	0	54	-0.249	60	-0.033
stealthtrail-supertrend	15m	LINKUSD	use	157	-0.209	-32.9	-493.49	7	85	-0.319	72	-0.079
stealthtrail-supertrend	15m	LINKUSD	widen	157	-0.214	-33.6	-500.78	1	85	-0.325	72	-0.083
stealthtrail-supertrend	15m	LINKUSD	ignore	157	-0.214	-33.6	-500.78	1	85	-0.325	72	-0.083
stealthtrail-supertrend	1h	ETHUSD	use	81	-0.113	-9.1	-174.31	2	37	-0.264	44	0.015
stealthtrail-supertrend	1h	ETHUSD	widen	81	-0.129	-10.4	-193.95	0	37	-0.264	44	-0.015
stealthtrail-supertrend	1h	ETHUSD	ignore	81	-0.129	-10.4	-193.95	0	37	-0.264	44	-0.015
stealthtrail-supertrend	15m	AVAXUSD	use	146	-0.124	-18.1	-314.05	2	70	-0.210	76	-0.044
stealthtrail-supertrend	15m	AVAXUSD	widen	146	-0.129	-18.8	-324.19	0	70	-0.218	76	-0.047
stealthtrail-supertrend	15m	AVAXUSD	ignore	146	-0.129	-18.8	-324.19	0	70	-0.218	76	-0.047
stealthtrail-supertrend	1h	BTCUSD	use	79	-0.129	-10.2	-191.46	3	36	-0.234	43	-0.042
stealthtrail-supertrend	1h	BTCUSD	widen	79	-0.117	-9.2	-183.03	1	36	-0.234	43	-0.019
stealthtrail-supertrend	1h	BTCUSD	ignore	79	-0.117	-9.2	-183.03	1	36	-0.234	43	-0.019
stealthtrail-supertrend	1h	SOLUSD	use	79	-0.009	-0.7	-23.02	3	41	-0.262	38	0.265
stealthtrail-supertrend	1h	SOLUSD	widen	79	0.015	1.2	7.83	1	41	-0.262	38	0.314
stealthtrail-supertrend	1h	SOLUSD	ignore	79	0.015	1.2	7.83	1	41	-0.262	38	0.314
stealthtrail-supertrend	15m	ZECUSD	use	107	0.142	15.2	312.90	5	52	0.087	55	0.193
stealthtrail-supertrend	15m	ZECUSD	widen	107	0.140	15.0	305.87	1	52	0.132	55	0.147
stealthtrail-supertrend	15m	ZECUSD	ignore	107	0.140	15.0	305.87	1	52	0.132	55	0.147
stealthtrail-supertrend	1h	XRPUSD	use	83	0.052	4.3	74.16	4	41	-0.156	42	0.254
stealthtrail-supertrend	1h	XRPUSD	widen	83	0.057	4.8	81.80	1	41	-0.175	42	0.284
stealthtrail-supertrend	1h	XRPUSD	ignore	83	0.057	4.8	81.80	1	41	-0.175	42	0.284
stealthtrail-supertrend	4h	ETHUSD	use	59	-0.033	-1.9	-49.48	4	31	0.023	28	-0.094
stealthtrail-supertrend	4h	ETHUSD	widen	59	-0.017	-1.0	-30.32	1	31	-0.014	28	-0.020
stealthtrail-supertrend	4h	ETHUSD	ignore	59	-0.017	-1.0	-30.32	1	31	-0.014	28	-0.020
stealthtrail-supertrend	1h	LINKUSD	use	85	-0.097	-8.2	-160.93	2	45	-0.282	40	0.112
stealthtrail-supertrend	1h	LINKUSD	widen	85	-0.105	-8.9	-173.02	0	45	-0.282	40	0.094
stealthtrail-supertrend	1h	LINKUSD	ignore	85	-0.105	-8.9	-173.02	0	45	-0.282	40	0.094
stealthtrail-supertrend	4h	BTCUSD	use	61	-0.136	-8.3	-142.27	2	31	-0.119	30	-0.155
stealthtrail-supertrend	4h	BTCUSD	widen	61	-0.080	-4.9	-93.87	1	31	-0.101	30	-0.059
stealthtrail-supertrend	4h	BTCUSD	ignore	61	-0.080	-4.9	-93.87	1	31	-0.101	30	-0.059
stealthtrail-supertrend	1h	AVAXUSD	use	105	-0.134	-14.1	-256.67	3	55	-0.239	50	-0.019
stealthtrail-supertrend	1h	AVAXUSD	widen	105	-0.124	-13.1	-244.75	1	55	-0.258	50	0.023
stealthtrail-supertrend	1h	AVAXUSD	ignore	105	-0.124	-13.1	-244.75	1	55	-0.258	50	0.023
stealthtrail-supertrend	1h	DOGEUSD	use	88	-0.098	-8.6	-168.97	4	43	-0.141	45	-0.056
stealthtrail-supertrend	1h	DOGEUSD	widen	88	-0.131	-11.5	-214.60	0	43	-0.169	45	-0.095
stealthtrail-supertrend	1h	DOGEUSD	ignore	88	-0.131	-11.5	-214.60	0	43	-0.169	45	-0.095
stealthtrail-supertrend	1h	ZECUSD	use	81	0.193	15.7	311.81	7	35	0.360	46	0.066
stealthtrail-supertrend	1h	ZECUSD	widen	81	0.188	15.2	303.80	1	35	0.314	46	0.092
stealthtrail-supertrend	1h	ZECUSD	ignore	81	0.188	15.2	303.80	1	35	0.314	46	0.092
stealthtrail-supertrend	4h	SOLUSD	use	63	-0.103	-6.5	-93.97	2	35	-0.219	28	0.043
stealthtrail-supertrend	4h	SOLUSD	widen	63	-0.050	-3.2	-40.11	1	35	-0.219	28	0.161
stealthtrail-supertrend	4h	SOLUSD	ignore	63	-0.050	-3.2	-40.11	1	35	-0.219	28	0.161
stealthtrail-supertrend	4h	DOGEUSD	use	61	-0.035	-2.1	-51.81	3	31	0.153	30	-0.229
stealthtrail-supertrend	4h	DOGEUSD	widen	61	-0.039	-2.4	-54.16	0	31	0.133	30	-0.218
stealthtrail-supertrend	4h	DOGEUSD	ignore	61	-0.039	-2.4	-54.16	0	31	0.133	30	-0.218
stealthtrail-supertrend	4h	LINKUSD	use	59	0.004	0.2	-3.53	1	35	-0.132	24	0.203
stealthtrail-supertrend	4h	LINKUSD	widen	59	-0.007	-0.4	-14.91	0	35	-0.132	24	0.177
stealthtrail-supertrend	4h	LINKUSD	ignore	59	-0.007	-0.4	-14.91	0	35	-0.132	24	0.177
stealthtrail-supertrend	4h	ZECUSD	use	58	0.081	4.7	81.11	2	26	0.279	32	-0.081
stealthtrail-supertrend	4h	ZECUSD	widen	52	0.065	3.4	48.96	0	22	0.266	30	-0.083
stealthtrail-supertrend	4h	ZECUSD	ignore	52	0.065	3.4	48.96	0	22	0.266	30	-0.083
stealthtrail-supertrend	4h	AVAXUSD	use	63	-0.080	-5.0	-103.84	3	35	-0.051	28	-0.116
stealthtrail-supertrend	4h	AVAXUSD	widen	63	-0.039	-2.5	-62.73	1	35	-0.063	28	-0.009
stealthtrail-supertrend	4h	AVAXUSD	ignore	63	-0.039	-2.5	-62.73	1	35	-0.063	28	-0.009
stealthtrail-supertrend	4h	XRPUSD	use	60	-0.146	-8.8	-167.34	1	33	-0.198	27	-0.082
stealthtrail-supertrend	4h	XRPUSD	widen	60	-0.163	-9.8	-183.63	0	33	-0.229	27	-0.082
stealthtrail-supertrend	4h	XRPUSD	ignore	60	-0.163	-9.8	-183.63	0	33	-0.229	27	-0.082
