scanner	tf	symbol	trades	wins	net	pf	avgR	netStress	windowsUp	days
structure-anchored-vwap	4h	ETHUSD	21	21	529.37	99.000	1.045	460.99	8	666
structure-anchored-vwap	1h	ETHUSD	33	22	314.00	2.147	0.437	271.91	6	250
structure-anchored-vwap	15m	ETHUSD	36	27	351.32	2.944	0.435	128.01	7	125
reactive-trail-system	1h	ETHUSD	186	93	-98.71	0.945	-0.017	-414.79	3	250
reactive-trail-system	4h	ETHUSD	130	67	329.63	1.240	0.126	129.05	5	666
reactive-trail-system	15m	ETHUSD	199	93	-484.22	0.655	-0.160	-697.73	1	125
bitcoin-almanac	4h	ETHUSD	1	0	-19.85	0.000	-1.000	-19.01	0	666
mirage-liquidity-sweep-pro	4h	ETHUSD	23	11	60.28	1.247	0.155	14.37	2	666
mirage-liquidity-sweep-pro	1h	ETHUSD	36	17	-113.58	0.673	-0.161	-188.52	4	250
meridian-flow	1h	ETHUSD	108	49	-266.63	0.756	-0.133	-349.83	2	250
mirage-liquidity-sweep-pro	15m	ETHUSD	53	26	-160.84	0.662	-0.159	-234.28	2	125
meridian-flow	4h	ETHUSD	75	38	54.21	1.066	0.049	-100.80	3	666
volume-weighted-s-r-zones	4h	ETHUSD	116	54	61.89	1.053	0.038	-154.06	4	666
volume-weighted-s-r-zones	1h	ETHUSD	131	58	-383.56	0.656	-0.176	-535.67	1	250
meridian-flow	15m	ETHUSD	145	73	-248.85	0.780	-0.091	-538.15	3	125
liquidity-pools-pro	1h	ETHUSD	184	87	-418.33	0.713	-0.140	-611.90	1	250
volume-weighted-s-r-zones	15m	ETHUSD	112	55	-265.09	0.723	-0.130	-395.86	2	125
liquidity-pools-pro	4h	ETHUSD	118	63	64.19	1.058	0.039	-77.52	4	666
adaptive-fibonacci-trailing-system	4h	ETHUSD	40	12	-139.19	0.585	-0.181	-142.91	3	666
adaptive-fibonacci-trailing-system	1h	ETHUSD	64	32	40.78	1.068	0.044	-68.08	4	250
adaptive-fibonacci-trailing-system	15m	ETHUSD	76	43	-97.62	0.836	-0.060	-283.40	3	125
liquidity-pools-pro	15m	ETHUSD	197	96	-498.13	0.651	-0.169	-685.25	3	125
nexus-fusion-engine-ml	4h	ETHUSD	342	145	-214.15	0.923	-0.024	-384.86	2	666
nexus-fusion-engine-ml	1h	ETHUSD	476	205	-497.75	0.871	-0.063	-810.20	2	250
self-aware-trend-system	1h	ETHUSD	411	182	-524.09	0.851	-0.081	-756.82	3	250
abcd-harmonic-projection	15m	ETHUSD	110	56	-146.67	0.832	-0.063	-273.05	3	125
self-aware-trend-system	4h	ETHUSD	301	131	-176.85	0.941	-0.020	-341.48	2	666
self-aware-trend-system	15m	ETHUSD	547	222	-907.04	0.597	-0.214	-970.96	0	125
abcd-harmonic-projection	4h	ETHUSD	54	14	-139.10	0.614	-0.139	-164.00	1	666
abcd-harmonic-projection	1h	ETHUSD	80	30	-271.38	0.610	-0.192	-313.94	2	250
pulse-trend-radar	4h	ETHUSD	69	33	56.51	1.078	0.056	-41.23	3	666
nexus-fusion-engine-ml	15m	ETHUSD	585	241	-836.16	0.668	-0.150	-957.73	0	125
pulse-trend-radar	1h	ETHUSD	116	56	79.73	1.060	0.048	-179.95	5	250
pulse-trend-radar	15m	ETHUSD	184	81	-573.58	0.584	-0.225	-759.17	1	125
breakout-pattern-setup	4h	ETHUSD	18	10	47.04	1.460	0.136	36.59	4	666
breakout-pattern-setup	1h	ETHUSD	42	19	-47.07	0.846	-0.051	-72.90	3	250
daily-volume-profile-pro	15m	ETHUSD	24	11	-146.07	0.383	-0.324	-149.34	1	125
daily-volume-profile-pro	4h	ETHUSD	92	58	-169.73	0.686	-0.101	-201.62	2	666
breakout-pattern-setup	15m	ETHUSD	64	29	-139.07	0.696	-0.112	-270.01	2	125
daily-volume-profile-pro	1h	ETHUSD	48	25	-174.00	0.575	-0.195	-240.34	2	250
precision-sniper	15m	ETHUSD	339	138	-574.27	0.706	-0.119	-840.69	1	125
stealthtrail-supertrend-ml-pro	4h	ETHUSD	48	17	220.40	2.018	0.225	164.04	6	666
precision-sniper	4h	ETHUSD	81	33	22.31	1.029	0.031	-6.66	5	666
precision-sniper	1h	ETHUSD	206	93	203.62	1.115	0.055	-154.58	4	250
stealthtrail-supertrend-ml-pro	1h	ETHUSD	138	66	-5.94	0.994	0.005	-179.40	3	250
smart-breakout-targets	15m	ETHUSD	21	14	117.47	1.983	0.276	77.33	5	125
smart-breakout-targets	1h	ETHUSD	14	8	111.82	1.873	0.403	76.54	5	250
smart-breakout-targets	4h	ETHUSD	8	4	25.43	1.335	0.173	60.00	2	666
stealthtrail-supertrend-ml-pro	15m	ETHUSD	294	117	-573.72	0.645	-0.140	-757.46	1	125
adaptive-momentum-fusion	4h	ETHUSD	418	181	98.96	1.033	0.023	-312.54	4	666
adaptive-momentum-fusion	1h	ETHUSD	611	272	-560.91	0.859	-0.060	-868.19	2	250
adaptive-momentum-fusion	15m	ETHUSD	738	289	-902.54	0.639	-0.154	-980.10	1	125
swing-volume-profile-pro	1h	ETHUSD	154	81	53.76	1.035	0.030	-222.32	4	250
swing-volume-profile-pro	4h	ETHUSD	116	61	-19.75	0.983	0.003	-163.14	3	666
swing-volume-profile-pro	15m	ETHUSD	160	76	-456.77	0.592	-0.185	-644.16	2	125
stealthtrail-supertrend	4h	ETHUSD	122	41	165.60	1.198	0.073	37.12	5	666
stealthtrail-supertrend	1h	ETHUSD	167	70	-178.73	0.846	-0.052	-363.74	2	250
adaptive-momentum-classifier	4h	ETHUSD	93	38	-95.84	0.896	-0.041	-148.31	4	666
adaptive-momentum-classifier	15m	ETHUSD	158	69	-582.49	0.477	-0.271	-701.77	0	125
adaptive-momentum-classifier	1h	ETHUSD	140	75	-118.80	0.910	-0.035	-340.19	5	250
stealthtrail-supertrend	15m	ETHUSD	313	125	-620.33	0.605	-0.148	-771.51	1	125
auto-s-r-channels	4h	ETHUSD	1	1	8.12	99.000	0.419	7.53	1	666
squeeze-breakout-pro	15m	ETHUSD	100	31	-222.39	0.680	-0.121	-332.25	2	125
squeeze-breakout-pro	1h	ETHUSD	53	18	43.15	1.136	0.047	-4.47	4	250
squeeze-breakout-pro	4h	ETHUSD	36	15	98.75	1.555	0.145	91.40	4	666
smart-money-engine	1h	ETHUSD	180	85	-343.73	0.817	-0.103	-544.34	3	250
auto-s-r-channels	1h	ETHUSD	2	1	-12.77	0.358	-0.316	-13.61	0	250
smart-money-engine	4h	ETHUSD	116	57	-119.79	0.899	-0.040	-117.75	4	666
adaptive-volatility-trend	15m	ETHUSD	52	26	-194.65	0.578	-0.202	-236.63	1	125
adaptive-volatility-trend	1h	ETHUSD	70	34	-163.31	0.750	-0.118	-229.99	2	250
smart-money-engine	15m	ETHUSD	228	109	-576.61	0.634	-0.182	-747.46	1	125
adaptive-volatility-trend	4h	ETHUSD	32	18	392.00	2.386	0.566	230.21	6	666
auto-s-r-channels	15m	ETHUSD	2	1	19.33	2.058	0.510	12.12	1	125
